"","0","35400"
"isrC",373.236,243.012
"mcaS",608.361,393.504
"prfB",5419.84,6840.61
"thrL",1030.89,939.336
"thrA",1738.92,2151.57
"thrB",978.323,1260.99
"thrC",972.385,866.832
"yaaX",796.485,932.324
"yaaA",496.348,402.686
"yaaJ",265.836,151.443
"talB",3371.2,4852.65
"mog",1699.55,1805.31
"satP",2147.48,1694.98
"mbiA",278.048,101.585
"yaaW",488.842,311.53
"yaaI",313.885,167.663
"dnaK",3760.82,1971.66
"dnaJ",2175.55,941.781
"insL1",2501.92,1902.9
"hokC",357.705,245.061
"sokC",1003.31,727.776
"nhaA",613.669,609.407
"nhaR",936.849,785.533
"insB1",2215.58,1660.4
"insA1",5721.87,7528.98
"rpsT",6650.22,6942.79
"yaaY",222.864,105.365
"ribF",3716.18,4003.24
"ileS",3801.64,3563.26
"lspA",6255.64,6226.59
"fkpB",2344.34,2622.58
"ispH",1702.15,1983.65
"rihC",546.219,302.775
"dapB",655.811,938.726
"carA",1142.18,1513.68
"carB",652.891,713.125
"caiF",357.896,219.31
"caiE",499.495,243.059
"caiD",274.017,133.549
"caiC",339.039,227.446
"caiB",316.816,238.304
"caiA",490.985,258.946
"caiT",457.731,193.7
"fixA",204.689,109.26
"fixB",357.425,243.589
"fixC",314.658,152.78
"fixX",316.796,93.9434
"yaaU",256.083,66.9959
"kefF",340.675,335.754
"kefC",226.83,230.261
"folA",2505.36,3067.25
"apaH",507.615,539.222
"apaG",647.791,1246.37
"rsmA",964.143,1906.61
"pdxA",872.678,1613.15
"surA",3209.04,4963.14
"lptD",1265.87,1934.67
"djlA",1920,2687.18
"yabP",899.475,1450.27
"yabQ",1552.67,2525.43
"rluA",1919.5,1839.46
"rapA",3275.63,3096.7
"polB",612.287,225.425
"araD",264.21,123.189
"araA",313.109,155.183
"araB",380.779,154.977
"araC",492.46,281.505
"yabI",1479.44,1165.65
"thiQ",430.425,319.847
"thiP",492.409,310.432
"thiB",832.273,782.242
"sgrR",292.898,269.389
"setA",1066.62,915.477
"leuD",442.843,353.048
"leuC",645.421,554.34
"leuB",279.654,232.638
"leuA",607.829,589.799
"leuL",312.892,230.951
"leuO",275.967,145.8
"ilvI",278.899,274.806
"ilvH",415.574,248.009
"cra",1013.5,891.428
"mraZ",2920.46,3127.23
"rsmH",1705.96,2155.84
"ftsL",1369.86,1618.42
"ftsI",1251.8,1198.74
"murF",887.43,1305.34
"mraY",1171.77,1772.1
"murD",1172.91,1797.12
"ftsW",1349.95,1624.85
"murG",2604.35,2641.37
"murC",1930.34,2108.24
"ddlB",4467.49,4076.67
"ftsQ",5034.99,3872.32
"ftsA",4017.94,3495.47
"ftsZ",4143.06,4198.43
"lpxC",6395.32,6465.44
"secM",3603.18,4448.52
"secA",1738.06,2487.53
"mutT",514.47,667.84
"yacG",1865.95,2572.56
"zapD",1786.76,2404.5
"coaE",1975.69,2640.95
"guaC",1545.92,1005.56
"hofC",569.116,235.164
"hofB",335.183,185.28
"ppdD",403.556,170.231
"nadC",503.872,396.476
"ampD",488.341,470.951
"ampE",609.025,380.212
"aroP",703.461,640.081
"pdhR",5659.9,5970.01
"aceE",8995.99,11260.7
"lpd",6539.09,9358
"yacH",240.93,105.989
"acnB",1841.26,2618.22
"yacL",933.252,680.328
"speD",988.183,1947.69
"speE",2266.91,3193.14
"cueO",399.133,363.961
"gcd",874.378,857.898
"hpt",2411.46,2676.5
"can",1308.82,1506.59
"yadH",1552.15,2132.17
"yadI",647.242,485.022
"panD",1755.34,2136.26
"rpnC",360.348,150.33
"panC",1341.99,1412.82
"panB",1266.25,2039.67
"yadC",708.382,467.092
"yadK",394.879,225.131
"yadL",283.271,210.055
"yadM",264.685,187.674
"htrE",231.733,140.681
"yadV",337.508,158.332
"yadN",391.368,204.775
"folK",523.801,485.845
"pcnB",4898.82,5915.43
"gluQ",957.504,822.109
"dksA",3303.11,3082.07
"sfsA",534.587,756.696
"thpR",163.322,380.16
"hrpB",443.499,596.39
"mrcB",1387.83,1171.46
"fhuA",1031.59,759.516
"fhuC",678.981,620.11
"fhuD",400.007,276.37
"fhuB",260.569,200.88
"hemL",1506.97,1891.68
"clcA",766.61,634.334
"erpA",3781.15,3507.09
"yadS",1229.65,1044.21
"btuF",702.876,689.98
"mtn",2157.74,2133.01
"dgt",482.824,397.189
"degP",552.95,626.674
"cdaR",475.23,241.977
"yaeH",682.317,515.162
"yaeI",702.634,374.782
"dapD",1897.16,2666.75
"glnD",631.709,663.086
"map",1959.32,2857.09
"tff",19201.1,17327.5
"rpsB",11825.6,13664.2
"tsf",9653.15,12505.6
"pyrH",3103.13,4015.35
"frr",4998.4,5895.13
"dxr",1307.35,1115.21
"ispU",3748.03,3724.82
"cdsA",2708.39,2963.46
"rseP",4924.52,5274.21
"bamA",5151.89,5600.04
"skp",5306.53,7326.44
"lpxD",3711.21,4357.66
"fabZ",7573.43,8065.77
"lpxA",4290.43,3348.64
"lpxB",3110.35,2177.81
"rnhB",2483.02,1854.14
"dnaE",1617.14,1433.26
"accA",3924.37,4508.58
"ldcC",762.62,352.06
"yaeR",766.534,629.374
"tilS",1671.11,1702.99
"rof",837.637,832.347
"yaeP",642.438,713.427
"arfB",977.397,1503.39
"nlpE",1053.04,1533.9
"yaeF",324.87,165.13
"proS",3493.9,5725.37
"trmO",704.18,1058.42
"rcsF",2931.03,4248.22
"metQ",2897.51,3932.03
"metI",2528.3,3664.36
"metN",2578.55,3921.63
"gmhB",1669.4,1544.15
"rrsH",19046.7,17512.6
"rrfH",12120.9,9893.63
"dkgB",782.92,530.427
"yafC",605.461,580.256
"yafD",867.066,756.256
"yafE",470.877,382.633
"mltD",6855.82,4612.35
"gloB",640.07,453.27
"yafS",554.47,401.654
"rnhA",770.03,855.732
"dnaQ",1346.97,1732.99
"yafT",583.754,623.289
"yafU",417.009,179.19
"yafV",264.655,206.18
"ivy",2273.27,3968.6
"fadE",507.134,241.403
"gmhA",1118.87,1583.85
"dpaA",4033.22,5588.21
"yafQ",0.606457,0.937448
"dinJ",14562.3,0.508055
"yafL",362.657,191.576
"rayT",426.46,447.624
"lfhA",215.561,109.413
"lafU",209.512,108.594
"dinB",380.506,184.456
"yafN",432.868,363.8
"yafO",439.579,368.944
"yafP",352.086,372.5
"ykfJ",303.522,155.751
"prfH",256.788,137.588
"pepD",1315.16,1234.42
"gpt",3342.22,4532.53
"frsA",769.008,779.776
"crl",1322.36,1688.63
"phoE",310.384,248.361
"proB",2285.35,2544.6
"proA",1629.18,2320.04
"ykfI",421.108,240.838
"yafW",622.052,288.595
"ykfG",687.205,303.147
"yafX",567.66,180.322
"ykfF",565.119,172.109
"ykfB",586.046,519.149
"yafY",404.485,199.152
"yafZ",446.207,157.556
"ykfA",731.132,400.788
"perR",538.091,262.966
"ykfC",600.058,261.972
"insH1",7910.98,7969.7
"mmuP",299.971,131.308
"mmuM",615.823,338.228
"afuC",671.4,302.227
"afuB",676.179,299.06
"yagB",498.093,488.71
"yagA",367.472,162.077
"yagE",198.81,94.7218
"yagF",334.087,220.379
"yagG",178.655,71.0098
"yagH",269.633,178.218
"xynR",1527.22,976.776
"argF",604.944,313.348
"yagJ",483.301,297.842
"yagK",409.824,278.401
"yagL",321.16,303.984
"yagM",195.392,75.9566
"yagN",1683.02,1483.95
"intF",918.873,1149.38
"yagP",269.236,116.204
"paoD",273.008,78.0163
"paoC",249.238,108.817
"paoB",206.257,83.7499
"paoA",205.512,134.173
"yagU",1264.24,2119.64
"ykgJ",729.969,760.205
"ecpE",303.34,184.022
"ecpD",384.06,238.545
"ecpC",165.622,67.9269
"ecpB",287.688,74.22
"ecpA",358.584,146.086
"matA",179.104,69.9312
"ykgL",645.371,374.283
"ykgM",284.065,108.355
"eaeH",158.725,59.2779
"insE1",2858.23,1907.39
"insF1",1007.43,562.11
"ykgA",739.926,418.24
"rclC",351.218,340.967
"rclB",226.185,273.368
"rclA",290.292,170.208
"rclR",284.828,130.394
"ykgE",362.19,227.869
"ykgF",317.637,170.973
"ykgG",391.927,244.945
"ykgH",227.353,114.741
"betA",363.085,245.973
"betB",247.011,136.925
"betI",476.799,280.177
"betT",299.651,112.525
"pdeL",1562.3,3177.33
"yahB",356.205,191.98
"yahC",272.579,104.297
"yahD",164.648,96.809
"yahE",330.695,133.508
"yahF",196.902,153.693
"yahG",434.783,222.532
"yahI",252.866,131.031
"yahJ",415.811,269.973
"yahK",341.891,150.008
"yahL",200.131,105.905
"yahM",1926.03,1594.12
"yahN",183.027,106.832
"prpR",194.27,80.2164
"prpB",421.415,140.039
"prpC",322.04,218.94
"prpD",170.338,101.328
"prpE",232.077,105.969
"codB",598.159,604.004
"codA",567.79,752.344
"cynR",404.391,185.585
"cynT",289.797,160.03
"cynS",257.307,201.996
"cynX",266.322,130.137
"mhpR",351.961,184.464
"mhpA",214.034,89.7066
"mhpB",326.627,157.093
"mhpC",194.987,86.5155
"mhpD",270.362,106.322
"mhpF",193.286,139.125
"mhpE",241.513,156.339
"mhpT",260.529,131.95
"yaiL",1440.94,1083.41
"frmB",727.707,831.783
"frmA",2012.89,2087.08
"frmR",2153.39,2282.41
"yaiO",347.441,206.833
"insC1",2324.67,1951.51
"insD7",2957.51,1941.57
"yaiP",212.827,117.346
"yaiS",253.107,139.112
"tauA",296.825,103.101
"tauB",265.371,105.374
"tauC",156.315,74.7795
"hemB",1169.85,1061.58
"iprA",257.211,109.981
"sbmA",563.015,433.154
"yaiW",773.733,590.984
"yaiY",640.78,616.057
"yaiZ",482.427,261.979
"ddlA",884.454,1080.9
"iraP",1122.58,2209.17
"phoA",1112.41,1066.04
"psiF",427.166,368.971
"dgcC",320.82,133.169
"proC",805.079,944.401
"yaiI",687.943,854.59
"aroL",965.536,1057.85
"yaiA",899.567,876.265
"aroM",550.189,550.177
"ppnP",1460.34,1723.01
"ykiA",423.79,412.853
"rdgC",1426.02,1530.17
"araJ",518.352,281.995
"sbcC",624.796,505.415
"sbcD",685.41,862.948
"phoB",1869.86,1158.31
"phoR",840.608,386.713
"brnQ",1402.09,1508.54
"proY",1749.08,1687.15
"malZ",347.5,258.5
"acpH",684.707,595.927
"queA",3595.22,3258.8
"tgt",3960.02,4622.56
"yajC",5243.88,6378.8
"secD",3732.49,4015.21
"secF",3449.66,3870.53
"yajD",1768.92,1279.91
"tsx",1078.22,2025.13
"nrdR",2990.22,3163.8
"ribD",2021.46,1889.08
"ribE",4489.7,4993.42
"nusB",2898.73,3288.3
"thiL",728.201,924.596
"pgpA",1218.57,1282.06
"yajO",821.678,615.353
"dxs",1398.04,1236.7
"ispA",2251.32,2046.55
"xseB",3117.24,3268.53
"thiI",1395.87,1373.95
"yajL",385.691,360.964
"panE",1125.92,1047.68
"yajQ",2156.06,2229.74
"yajR",633.629,373.921
"cyoE",1206.89,3403.29
"cyoD",1554.77,3898.76
"cyoC",1683.82,4158.67
"cyoB",2647.95,5663.36
"cyoA",3851.48,7119.61
"ampG",884.896,910.959
"bolA",788.595,595.528
"tig",10057.9,11125
"clpP",3993.3,4140.05
"clpX",3032.7,3382
"lon",1746.57,1763.15
"hupB",3495.42,4223.51
"ppiD",4378.17,5733.88
"ybaV",637.422,502.246
"fadM",569.793,338.764
"queC",906.837,805.601
"ybaE",149.545,68.2248
"cof",925.475,967.165
"mdlA",466.439,298.222
"mdlB",579.626,536.61
"glnK",315.1,107.164
"amtB",301.771,191.236
"tesB",830.053,1127.34
"ybaY",313.55,538.93
"ybaZ",279.684,172.043
"ffs",5198.77,2548.21
"ybaA",931.321,320.409
"pdeB",440.117,273.907
"ylaC",1693.29,2044.03
"maa",1437.59,1641.14
"hha",3142.77,4526.51
"tomB",2974.45,3336.55
"acrA",3688.32,4320.95
"acrR",818.544,460.198
"mscK",886.513,969.843
"ybaM",402.345,279.552
"priC",649.805,634.975
"ybaN",910.225,638.057
"apt",3443.51,3856.59
"dnaX",1690.32,1964.09
"ybaB",6571.69,8298.5
"recR",3078.29,5376.73
"htpG",1142.34,1149.65
"adk",3948.4,6162.63
"hemH",932.568,612.237
"aes",321.215,137.089
"gsk",1241.3,1122.43
"ybaL",1530.39,1429.92
"fsr",404.858,230.23
"ushA",907.419,745.91
"ybaK",531.751,456.945
"ybaP",268.742,193.656
"ybaQ",484.984,278.487
"copA",339.749,238.506
"glsA",460.985,211.109
"ybaT",290.321,121.581
"cueR",1449.69,984.794
"ybbJ",574.799,664.994
"fetA",453.878,495.565
"fetB",433.349,493.485
"cnoX",1311.84,1399.09
"ybbO",1549.78,1377.2
"tesA",841.543,725.283
"ybbA",683.217,390.515
"ybbP",231.849,132.177
"rhsD",390.557,357.028
"ybbC",300.552,441.538
"ylbH",469.165,353.519
"ylbG",544.019,343.692
"selU",764.415,514.761
"allS",410.788,193.468
"allA",493.293,324.328
"allR",829.612,769.72
"gcl",342.167,129.789
"hyi",174.512,67.6197
"glxR",227.271,128.312
"allB",303.633,307.46
"ybbY",220.505,102.471
"glxK",207.226,91.8178
"allE",376.399,373.144
"allC",187.119,86.7504
"allD",275.229,93.3321
"fdrA",360.252,164.398
"ylbF",252.235,76.3489
"ybcF",256.389,145.574
"purK",549.094,811.796
"purE",743.529,952.877
"lpxH",798.042,723.094
"ppiB",3154.84,4622.57
"cysS",2372.42,2425.07
"ybcJ",754.194,669.91
"folD",1146.83,1504.64
"sfmA",339.36,133.402
"sfmC",241.387,86.4457
"sfmD",232.024,122.32
"sfmH",218.854,102.635
"sfmF",161.041,65.8372
"fimZ",410.752,162.78
"intD",792.895,603.859
"exoD",339.638,153.804
"renD",69.3523,155.743
"emrE",411.297,546.337
"ybcK",331.806,147.27
"ybcL",279,298.153
"ybcM",409.704,798.235
"ybcN",142.645,34.5819
"ninE",370.076,107.345
"ybcO",310.535,100.443
"quuD",249.59,139.235
"nmpC",509.061,1561.13
"essD",398.075,341.734
"rrrD",438.325,243.355
"rzpD",377.284,618.476
"ybcV",234.419,101.14
"ybcW",667.383,736.022
"nohD",706.774,219.198
"tfaD",414.351,178.628
"ybcY",923.021,571.892
"tfaX",286.972,192.599
"appY",479.945,821.469
"ompT",2175.03,7523.82
"envY",178.111,73.6237
"nfrA",537.295,491.486
"nfrB",595.461,408.004
"cusS",784.83,407.243
"cusR",949.382,528.062
"cusC",208.475,78.0769
"cusF",184.814,249.928
"cusB",270.436,214.805
"cusA",456.921,227.275
"pheP",385.148,436.188
"ybdG",877.843,786.78
"nfsB",1235.49,1316.93
"ybdF",612.843,505.317
"ybdJ",592.646,662.541
"ybdK",191.453,42.4769
"hokE",201.917,90.254
"entD",389.36,196.161
"fepA",427.461,199.504
"fes",305.364,150.173
"entF",386.575,173.073
"fepE",244.848,76.4993
"fepC",362.894,127.922
"fepG",236.509,166.114
"fepD",479.849,258.577
"entS",312.626,143.382
"fepB",269.219,147.256
"entC",273.033,128.085
"entE",120.612,49.5497
"entB",297.493,117
"entA",285.978,232.452
"entH",391.694,251.794
"cstA",590.603,515.431
"hcxA",363.999,479.151
"ybdL",362.237,221.973
"ybdM",281.528,172.823
"ybdN",375.912,181.582
"ybdO",317.748,146.285
"dsbG",625.621,599.921
"ahpC",6242.68,5448.37
"uspG",1903.45,2057.11
"ybdR",548.415,329.426
"rnk",502.791,544.235
"rna",569.82,653.986
"citT",275.898,87.2571
"citG",254.55,93.3791
"citX",312.446,119.263
"citF",276.272,113.644
"citE",346.702,106.665
"citD",367.079,112.161
"dpiB",519.729,449.597
"dpiA",569.108,367.257
"dcuC",396.691,192.554
"pagP",517.394,381.901
"cspE",1037.99,5296.36
"crcB",965.225,1326.31
"tatE",2093.36,3969.1
"lipA",2067.04,2345.41
"ybeF",359.029,171.295
"lipB",1025.77,1046.76
"ybeD",2165.64,2180.23
"dacA",1451.75,2561.26
"rlpA",1488.86,1824.17
"mrdB",1157.35,1048.64
"mrdA",2298.68,1734.72
"rlmH",5637.74,4773.81
"rsfS",8641.64,7732.21
"cobC",472.507,484.48
"nadD",1256.54,1414.58
"holA",1135.64,1179.21
"lptE",2799.89,3031.92
"leuS",3966.49,3627.12
"ybeL",213.357,251.677
"ybeQ",261.616,152.618
"ybeR",341.438,148.1
"djlB",188.895,56.5088
"ybeT",208.7,98.2509
"ybeU",254.751,182.737
"djlC",387.279,273.036
"hscC",402.344,236.093
"rihA",270.871,187.298
"gltL",573.675,588.379
"gltK",326.483,222.934
"gltJ",335.372,285.261
"gltI",667.7,833.532
"lnt",510.614,425.649
"ybeX",2016.9,2131.23
"ybeY",1100.59,1163.75
"ybeZ",1475.23,1523.64
"miaB",2556.9,3457.73
"ubiF",1061.8,1045.29
"asnB",520.922,393.341
"umpH",1402.02,2165.22
"nagC",1229.36,1206.09
"nagA",692.143,609.642
"nagB",399.671,334.363
"nagE",313.292,374.368
"glnS",2255.58,2603.25
"chiP",186.001,74.8559
"chiQ",268.404,133.514
"fur",7937.28,9619.03
"fldA",3859.64,5183.19
"ybfE",3433.87,3981.48
"ybfF",398.984,670.964
"seqA",2747.28,2955.69
"pgm",2576.35,3503.16
"ybfP",377.371,252.107
"ybfG",443.182,176.727
"potE",510.042,248.164
"speF",265.633,92.8828
"kdpE",913.295,586.675
"kdpD",1046.81,697.016
"kdpC",567.317,371.622
"kdpB",304.168,320.38
"kdpA",197.334,104.635
"ybfA",518.337,701.619
"rhsC",361.392,235.87
"ybfB",265.582,271.332
"ybfO",282.582,179.951
"ybfC",314.409,225.473
"ydcC",2138.37,1039.68
"ybfD",541.294,230.567
"ybgA",241.058,106.321
"phr",376.302,371.625
"ybgI",914.059,1081.67
"pxpB",671.843,649.322
"pxpC",848,832.502
"pxpA",745.871,731.191
"nei",598.57,401.011
"abrB",454.369,167.254
"ybgO",413.648,163.543
"ybgP",337.691,111.991
"ybgQ",320.232,121.252
"ybgD",429.421,150.158
"gltA",279.367,185.711
"sdhC",303.466,340.477
"sdhD",516.127,698.578
"sdhA",459.922,612.267
"sdhB",699.91,1416.28
"sucA",540.082,753.2
"sucB",868.281,1337.69
"sucC",748.747,1149.71
"sucD",768.04,880.619
"mngR",780.095,689.657
"mngA",222.505,82.2109
"mngB",525.342,312.606
"cydA",7440.66,8001.7
"cydB",6651.26,8292.13
"ybgE",2202.44,2533.63
"ybgC",3755.92,3796.2
"tolQ",3748.61,4098.77
"tolR",3376.49,3245.59
"tolA",5269.73,5291.58
"tolB",6389.93,8582.12
"pal",5979.92,7962.26
"cpoB",4923.56,6041.44
"nadA",435.593,285.466
"pnuC",373.825,178.922
"ybgS",236.103,112.381
"aroG",799.942,802.904
"gpmA",1324.28,2099.47
"galM",1206.67,1232.43
"galK",728.463,995.311
"galT",459.701,377.036
"galE",498.727,517.807
"modF",268.955,129.884
"modE",725.837,785.315
"acrZ",1326.07,2370.09
"modC",601.222,764.837
"ybhA",812.298,884.473
"pgl",320.436,228.191
"ybhD",323.133,168.4
"ybhH",187.202,67.9226
"ybhI",212.496,77.4108
"ybhJ",474.69,256.307
"ybhC",2353.03,2768.73
"ybhB",475.615,459.442
"bioA",360.261,188.862
"bioF",156.238,74.9968
"bioD",330.29,124.759
"uvrB",3049.6,1463.37
"ybhK",890.44,693.91
"moaA",1073.4,705.263
"moaB",802.982,670.98
"moaC",611.155,557.599
"moaD",612.347,486.989
"moaE",500.598,449.885
"ybhL",826.123,900.904
"ybhM",585.169,400.775
"ybhN",268.319,141.994
"ybhP",447.79,192.085
"ybhQ",716.301,416.581
"ybhR",333.031,201.667
"ybhS",220.209,114.584
"ybhG",430.625,301.862
"cecR",580.438,224.484
"rhlE",3187.86,4069.18
"ybiA",448.914,178.546
"dinG",919.632,537.272
"ybiB",456.302,368.917
"hcxB",600.033,616.97
"ybiJ",2567.97,2475.8
"ybiI",239.238,127.074
"ybiX",280.755,129.627
"fiu",211.626,91.9195
"mcbA",225.633,113.232
"rlmF",2478.6,1544.04
"ybiO",514.407,221.062
"glnQ",2390.85,2094.93
"glnP",2492.78,2064.47
"glnH",5785.45,4319.82
"dps",2348.77,2817.55
"rhtA",460.044,298.47
"ompX",8227.48,10850.9
"opgE",662.116,819.724
"rybA",2251.79,1989.42
"mntR",828.237,1254.52
"ldtB",5304.43,6945.01
"ybiT",3612.18,3940.32
"ybiU",194.625,107.921
"ybiV",474.974,738.839
"ybiY",204.796,84.2633
"fsaA",297.364,185.728
"moeB",283.388,299.36
"moeA",651.579,886.307
"iaaA",655.956,535.808
"gsiA",557.098,269.343
"gsiB",380.428,209.563
"gsiC",369.257,189.221
"gsiD",269.51,212.246
"pdeI",350.314,363.325
"dgcI",259.326,307.354
"rimO",1818.55,1904.65
"bssR",278.346,105.941
"yliI",384.373,146.54
"gstB",500.24,637.971
"dacC",647.983,1017.71
"deoR",736.009,727.729
"ybjG",1290.49,2010.83
"mdfA",1571.36,1983.19
"ybjH",764.149,809.771
"ybjI",324.138,309.329
"ybjJ",355.404,248.96
"rcdA",245.343,144.365
"rybB",435.05,134.043
"ybjL",1458.59,1693.39
"ybjM",511.395,282.13
"grxA",1949.17,1495.44
"ybjC",1404.08,1752.21
"nfsA",833.137,1212.75
"rimK",651.616,626.293
"ybjN",1143.61,1378.21
"potF",242.454,60.1618
"potG",157.97,39.4057
"potH",237.027,100.328
"potI",271.16,159.832
"ybjO",625.251,568.243
"rlmC",1974.47,1338.37
"artJ",256.829,158.902
"artM",394.73,513.753
"artQ",543.911,865.695
"artI",459.077,907.229
"artP",670.153,1061.62
"ybjP",871.623,1026.16
"ybjQ",841.637,926.77
"amiD",870.051,801.864
"ybjT",1102.03,866.358
"ltaE",1202.88,1225.39
"poxB",312.238,148.473
"hcr",357.179,186.43
"hcp",377.611,173.816
"lysO",347.634,326.429
"aqpZ",444.749,433.989
"ybjD",391.38,295.159
"ybjX",3140.22,4138.04
"macA",1059.75,624.378
"cspD",484.134,855.331
"clpS",2332.23,1888.04
"clpA",1140.23,1145.37
"infA",10105.6,10340.6
"aat",695.607,695.501
"cydC",523.552,688.701
"cydD",715.31,704.063
"trxB",2046.88,2862.44
"lrp",2278.53,2183.97
"ftsK",2342.33,1531.64
"lolA",2715.91,3324.76
"rarA",1242.93,1361.41
"serS",1693.29,2100.34
"dmsB",335.004,255.687
"dmsC",240.974,122.305
"ycaC",436.691,145.679
"ycaD",1702.99,2149.3
"ycaM",352.107,214.908
"ycaN",389.516,223.642
"ycaK",476.713,543.677
"pflA",1164.61,2059.19
"focA",1455.02,2240.47
"ycaO",872.084,1123.94
"ycaP",484.282,237.164
"serC",517.563,990.334
"aroA",329.223,444.237
"ycaL",327.738,235.889
"cmk",4777.99,5503.24
"rpsA",11617.6,10508.8
"ihfB",5207.01,4992.08
"ycaI",785.465,339.154
"msbA",2975.57,2839.2
"lpxK",1460.56,1227.13
"ycaQ",997.662,593.672
"ycaR",3052.4,3679.75
"kdsB",1745.3,2391.47
"ycbJ",462.01,304.928
"elyC",282.981,224.45
"cmoM",2360.9,2226.29
"mukF",1655.76,1544.51
"mukE",2937.93,3039.89
"mukB",1756.73,1820.25
"ldtD",1279.2,950.388
"mepK",2055.41,1895.8
"gloC",1760.94,1785.83
"aspC",1304.01,1843.46
"ompF",6463.78,11269.1
"pncB",2839.51,4026.81
"pepN",1225.47,1455.74
"ssuB",427.056,239.316
"ssuC",310.971,114.863
"ssuA",249.487,69.3001
"ssuE",224.938,83.1214
"elfA",286.617,214.669
"elfD",183.243,106.358
"elfC",348.008,173.779
"elfG",283.317,295.919
"ycbV",278.861,230.22
"ycbF",333.506,165.921
"pyrD",695.336,1020.46
"zapC",1000.24,1128.72
"ycbX",775.421,742.573
"rlmL",3844.07,4312.71
"pqiA",1216.22,1199.03
"pqiB",1471.36,1641.21
"pqiC",903.556,1236.48
"rmf",593.485,490.598
"fabA",5539.18,5703.04
"ycbZ",1034.22,1174.08
"matP",942.906,741.738
"ompA",12369.8,12942
"sulA",3553.26,1407.23
"sxy",640.763,367.785
"yccS",1452.19,1562.7
"yccF",2020.95,2601.92
"helD",1001.93,914.313
"mgsA",999.924,1295.01
"yccT",362.401,189.802
"hspQ",3297.06,3730.65
"rlmI",2511.81,2561.18
"yccX",504.186,444.017
"tusE",1314.88,1274.75
"yccA",1995.77,2269.35
"hyaA",261.324,99.4451
"hyaB",274.119,104.278
"hyaC",212.928,118.097
"hyaD",222.037,153.178
"hyaE",178.462,104.843
"hyaF",249.242,124.104
"appC",293.603,153.398
"appB",297.926,157.187
"appA",356.723,198.116
"etk",582.083,458.059
"etp",436.813,450.356
"gfcE",315.139,346.111
"gfcD",417.223,275.905
"gfcC",588.704,541.45
"gfcB",471.395,427.903
"gfcA",1535.55,1171.31
"cspH",1973,1744.06
"cspG",2386.92,2420.02
"ymcE",220.151,203.845
"yccM",276.921,131.438
"torS",449.737,173.803
"torT",248.472,198.068
"torR",707.57,467.804
"torC",300.243,69.0856
"torA",418.043,242.841
"torD",311.954,193.541
"cbpM",419.947,478.794
"cbpA",719.612,733.849
"yccE",410.702,200.261
"yccJ",338.56,277.317
"wrbA",404.229,385.108
"rutG",258.761,137.239
"rutF",264.638,79.662
"rutE",165.306,107.39
"rutD",308.311,174.268
"rutC",400.603,240.777
"rutB",325.194,128.263
"rutA",383.373,184.102
"rutR",542.375,390.031
"putA",467.073,590.845
"putP",915.906,1266.82
"efeO",655.856,490.939
"efeB",413.943,256.67
"pgaD",805.156,604.954
"pgaC",264.535,182.254
"pgaB",285.278,283.741
"pgaA",304.081,222.713
"dgcT",419.97,286.273
"ymdE",218.968,81.3227
"ycdU",417.217,198.514
"ghrA",1158.61,1557.51
"ycdX",1616.4,2607.39
"ycdY",1685.17,2034.33
"ycdZ",969.914,1145.4
"csgG",230.668,160.778
"csgF",146.898,106.894
"csgE",161.574,111.605
"csgD",270.287,229.983
"csgB",198.276,69.1169
"csgA",305.862,170.843
"csgC",211.616,116.321
"ymdA",266.837,222.42
"ymdB",340.113,326.05
"clsC",253.809,134.526
"opgC",281.385,380.948
"opgG",2057.76,3328.45
"opgH",1673.01,3013.22
"yceK",420.893,377.147
"msyB",793.756,598.03
"mdtG",912.642,631.625
"lpxL",2155.36,2540.23
"trhO",1256.34,1895.01
"yceI",376.526,230.408
"yceJ",354.85,248.634
"yceO",238.168,87.8945
"solA",545.992,751.384
"bssS",2734.82,3645.97
"dinI",2365.06,1106.96
"pyrC",436.28,633.334
"yceB",1006.12,1352.94
"grxB",699.531,502.011
"mdtH",709.353,504.045
"rimJ",1399.67,1716.34
"yceH",778.301,958.396
"yceM",888.811,882.445
"murJ",1309.34,1529.84
"flgN",476.438,1253.68
"flgM",595.759,1889.65
"flgA",236.467,246.221
"flgB",229.019,281.409
"flgC",265.094,342.576
"flgD",246.947,277.058
"flgE",252.669,224.288
"flgF",116.256,90.0684
"flgG",371.368,406.924
"flgH",180.909,169.064
"flgI",214.475,143.329
"flgJ",277.418,155.978
"flgK",320.992,1038.49
"flgL",329.066,909.723
"yceQ",266.624,234.008
"rluC",1975.1,1624.13
"yceF",739.778,626.418
"sraB",7589.57,8574.8
"yceD",14060.7,13167.5
"rpmF",9287.42,9521.26
"plsX",7019.38,6003.59
"fabH",7256.8,6473.26
"fabD",9475.19,9420.51
"fabG",9991.57,10917.6
"acpP",12379.7,11327.6
"fabF",7147.34,5215.84
"pabC",3257.19,2364.81
"mltG",3158.42,2588.23
"tmk",3076.67,2923.1
"holB",2728.12,2252.18
"ycfH",1674.27,1740.06
"ptsG",2085.02,2700.59
"fhuE",335.538,133.217
"hinT",1030.27,1396.81
"ycfL",964.467,1331.12
"lpoB",919.186,1130.46
"thiK",959.075,974.48
"nagZ",1236.31,1048.65
"ycfP",1466.64,1584.79
"ndh",7148.39,8097.43
"ycfJ",3726.1,4201.23
"comR",1472.74,1104.01
"bhsA",7751.83,7085.33
"ldtC",252.017,298.093
"mfd",589.45,627.385
"ycfT",261.581,86.6039
"lolC",688.467,1003.04
"lolD",946.164,1368.25
"lolE",1071.69,1616.82
"nagK",846.143,998.27
"cobB",701.08,939.63
"ycfZ",348.834,196.895
"ymfA",557.057,410.652
"potD",1995.45,3473.39
"potC",1548.29,2429.93
"potB",1951.75,2810.83
"potA",3726.01,3911.75
"pepT",434.858,285.246
"roxA",1530.44,1538.38
"phoQ",1110.96,1113.79
"phoP",1289.89,1626.86
"purB",1430.61,2648.78
"hflD",3875.86,5414.83
"mnmA",4248.12,4808.98
"nudJ",603.694,660.083
"icd",1956.64,3167.11
"ymfD",295.626,352.278
"ymfE",221.053,320.277
"lit",328.256,292.91
"intE",350.715,254.192
"xisE",212.981,144.357
"ymfH",117.93,47.057
"ymfI",413.814,416.78
"ymfJ",228.616,202.087
"ymfK",789.603,921.759
"ymfT",283.094,128.105
"ymfL",182.26,118.237
"ymfM",249.844,89.619
"ymfN",238.582,113.876
"ymfR",170.46,73.221
"beeE",315.904,96.6422
"jayE",275.148,147.921
"ymfQ",454.165,189.647
"ycfK",329.024,171.578
"tfaP",220.514,197.593
"tfaE",285.805,124.103
"stfE",329.861,123.596
"pinE",226.33,104.393
"mcrA",412.532,273.612
"iraM",266.442,249.604
"ycgX",435.514,499.064
"bluR",2025.24,2187.09
"bluF",368.559,335.531
"ycgZ",485.108,456.642
"ymgA",298.418,263.038
"ariR",191.929,108.954
"ymgC",140.618,58.5937
"pdeG",255.63,57.8506
"ymgD",1995,3516.6
"ymgG",2132.64,3350.47
"minE",1521.64,2483.31
"minD",2307.74,3960.77
"minC",3328.19,3780.43
"ycgJ",516.982,934.217
"pliG",440.628,400.511
"ycgL",1709.72,2353.53
"ycgM",1065.27,1401.43
"ycgN",1075.7,1291.83
"hlyE",324.01,135.877
"umuD",542.096,160.713
"umuC",520.9,149.181
"dsbB",2154.92,2639.77
"nhaB",1988.25,3001.34
"fadR",1313.16,1886.9
"ycgB",187.171,131.133
"dadA",604.193,754.585
"dadX",465.395,474.264
"cvrA",344.671,272.639
"ldcA",715.807,604.727
"emtA",2245.63,3114.52
"ycgR",263.247,278.048
"ymgE",156.47,97.0314
"ycgY",257.617,181.915
"dhaM",793.065,1269.55
"dhaL",831.911,1060.23
"dhaK",592.628,544.669
"dhaR",462.262,209.349
"ycgV",401.639,206.958
"ychF",4358.61,5693.45
"pth",2172.66,2767.57
"ychH",360.056,307.14
"dauA",1546.25,1861.1
"prs",7760.05,8705.2
"ispE",2534.16,2437.07
"lolB",1805.72,1906.67
"hemA",3055.57,3012.78
"prfA",1714.08,2066.18
"prmC",1202.88,1475.6
"ychQ",1414.83,1865.08
"ychA",2311.35,2793.04
"kdsA",2542.68,3845.47
"ldrA",1302.25,625.372
"rdlA",2551.5,3034.78
"ldrB",987.857,442.301
"rdlB",1788.03,1377.35
"rdlC",1642.6,1048.65
"chaA",525.499,575.793
"chaB",344.158,301.572
"chaC",849.332,740.705
"ychN",613.139,547.188
"ychO",481.322,201.702
"narL",1499.66,1432.71
"narX",1253.74,771.583
"narK",220.181,104.14
"narG",568.124,318.917
"narH",555.316,556.758
"narJ",509.049,320.274
"narI",276.895,134.924
"ychS",207.345,73.0206
"tpr",8031.64,4006.25
"rttR",13627,10191.4
"purU",809.919,1352.42
"ychJ",921.328,2148.06
"rssA",1117.43,1307.83
"rssB",614.428,679.16
"galU",942.317,1697.62
"hns",7063.98,9106.46
"tdk",1064.92,1870.85
"adhE",1433.46,1495.06
"ychE",558.437,733.919
"oppA",7210.9,7772.6
"oppB",2023.57,3902.39
"oppC",1975.72,4428.06
"oppD",1900.98,4794.7
"oppF",1379.3,4572.03
"clsA",826.001,873.447
"kch",436.614,362.792
"yciI",826.568,725.888
"tonB",1723.65,1069.23
"yciA",1468.76,2277.39
"yciB",3551.2,5787.14
"yciC",1885.03,3247.93
"ompW",314.469,606.186
"yciE",247.015,151.872
"yciF",196.954,88.781
"yciG",285.215,160.768
"trpA",306.76,307.083
"trpB",288.472,274.156
"trpC",638.06,417.574
"trpD",314.449,246.207
"trpE",375.903,255.004
"trpL",629.265,225.515
"rnm",910.098,1165.78
"yciO",983.37,1227.68
"yciQ",326.832,252.317
"rluB",6023.69,8285.51
"btuR",590.616,491.064
"yciK",576.262,596.424
"sohB",1377.17,1298.62
"yciN",4100.59,3891.54
"topA",5175.21,4538.87
"cysB",1303.47,1932.28
"acnA",326.47,284.139
"ribA",985.745,1388.84
"pgpB",464.621,468.699
"lapA",3203.63,3667.79
"lapB",2173.82,1877.32
"pyrF",3270.82,4497.28
"osmB",2055.85,6022.19
"yciT",770.106,1207.69
"pdeR",339.505,331.639
"rnb",2394.43,2319.68
"yciW",335.764,138.883
"fabI",3841.03,4258.26
"ycjD",316.172,267.365
"sapF",347.119,562.488
"sapD",467.579,688.613
"sapC",247.62,270.106
"sapB",344.656,380.256
"sapA",1105.94,1642.87
"ymjA",845.39,1103.66
"puuP",360.218,126.189
"puuD",290.519,226.5
"puuR",291.911,229.371
"puuC",400.81,218.909
"puuB",355.849,163.12
"puuE",214.601,126.665
"pspF",351.651,256.725
"pspA",2759.47,2346.41
"pspB",3712.61,2950.54
"pspC",1963.26,1614.24
"pspD",1436.17,1136.17
"pspE",1172.28,1246.12
"ycjM",244.23,106.47
"ycjN",205.618,83.3753
"ycjO",177.635,90.2145
"ycjP",163.547,118.842
"ycjQ",277.996,175.704
"ycjR",301.762,131.739
"ycjS",287.042,151.204
"ycjT",199.623,112.143
"ycjU",119.637,59.2665
"ycjV",124.545,63.2838
"ycjW",315.644,319.852
"ycjX",291.853,164.145
"ycjF",167.657,72.143
"tyrR",567.194,612.55
"tpx",2057.2,4267.29
"mpaA",655.583,413.674
"ycjY",261.638,118.247
"pgrR",631.341,643.676
"mppA",911.963,1100.24
"ynaI",485.609,672.685
"ynaJ",1788.39,1891.55
"uspE",825.513,784.866
"fnr",4743,4804.06
"ogt",601.561,552.271
"abgT",309.707,137.514
"abgB",270.772,130.134
"abgA",312.457,111.429
"abgR",236.594,145.991
"smrA",1378.1,997.294
"dgcM",357.027,216.312
"zntB",656.706,437.04
"dbpA",467.522,442.638
"ttcA",1910.3,1814.55
"intR",149.811,123.1
"xisR",196.544,93.9724
"rcbA",179.048,133.65
"ralR",206.885,172.057
"recT",361.732,297.581
"recE",317.654,148.224
"racC",248.127,125.428
"kilR",138.769,72.9773
"ydaG",350.572,232.021
"racR",2858.14,2379.57
"ydaS",239.703,228.866
"ydaT",154.562,94.7212
"ydaU",232.416,161.24
"ydaV",274.252,128.321
"ydaW",409.095,204.611
"rzpR",344.227,148.072
"trkG",446.308,543.918
"ynaK",268.833,340.256
"ydaY",289.74,230.953
"ynaA",294.9,208.661
"insH5",685.264,337
"stfR",266.412,82.7489
"tfaR",486.116,222.951
"pinR",622.101,499.75
"ynaE",1207.51,1374.68
"ompN",219.002,122.065
"micC",345.343,135.227
"ydbK",605.709,713.522
"hslJ",2109.38,3095.83
"ldhA",3331.56,3845.81
"ydbH",372.837,249.656
"ynbE",299.321,538.954
"ydbL",180.353,330.647
"feaR",398.625,159.937
"feaB",336.359,232.891
"tynA",306.626,184.98
"paaZ",323.445,125.959
"paaA",255.588,106.43
"paaB",278.913,94.9315
"paaC",246.388,109.138
"paaD",156.502,95.7651
"paaE",341.847,157.929
"paaF",374.488,114.194
"paaG",290.499,166.755
"paaH",230.732,68.3804
"paaI",295.887,167.073
"paaJ",302.9,175.56
"paaK",375.134,226.908
"paaX",520.589,466.945
"paaY",464.823,383.298
"pdxI",377.922,199.878
"ydbD",279.67,170.95
"ynbA",187.766,90.6955
"ynbB",312.349,173.354
"ynbC",467.563,263.512
"ynbD",354.05,188.103
"azoR",200.1,142.342
"hrpA",973.937,1400.54
"ydcF",890.658,791.411
"aldA",416.758,282.204
"cybB",2597.8,3280.81
"ydcA",592.652,818.254
"hokB",583.92,663.721
"mokB",698.137,679.106
"sokB",2637,2051.7
"opgD",1291.99,1071.46
"ydcH",278.169,181.992
"rimL",672.907,440.716
"ydcK",280.903,138.872
"tehA",652.525,763.38
"tehB",659.227,1001.95
"ydcL",753.503,891.461
"insQ",617.698,293.723
"sutR",384.568,316.603
"rlhA",1383.85,1543.26
"yncJ",481.433,310.67
"hicB",425.868,474.923
"ydcR",753.562,903.982
"ydcS",187.51,113.455
"ydcT",212.18,101.225
"ydcU",276.85,144.122
"patD",452.444,200.139
"ortT",2865.57,3364.91
"ydcY",3522.28,3716.53
"ydcZ",403.771,310.154
"mnaT",594.119,404.809
"curA",239.184,134.59
"yncD",380.062,261.691
"yncE",547.589,584.175
"yncG",255.761,93.664
"yncH",80.0919,31.4043
"rhsE",273.473,188.735
"yncI",141.078,106.498
"pptA",260.218,215.497
"nhoA",332.59,159.632
"yddE",875.878,458.593
"narV",363.841,181.824
"narW",262.986,104.86
"narY",220.977,103.022
"narZ",160.27,37.2917
"narU",300.526,83.6721
"yddJ",189.033,53.6185
"yddK",140.941,41.7919
"yddL",178.37,42.0699
"yddG",363.505,274.098
"fdnH",402.971,294.733
"fdnI",342.77,256.452
"yddM",1058.05,840.746
"maeA",653.94,1201.09
"sra",538.159,988.794
"osmC",781.877,563.15
"ddpF",213.454,78.129
"ddpD",405.259,202.136
"ddpC",672.819,227.745
"ddpA",355.079,158.917
"ddpX",427.225,188.725
"dosC",352.149,345.157
"digH",609.555,722.463
"gadC",298.028,131.404
"gadB",191.869,104.619
"pqqL",428.467,408.477
"yddB",381.182,280.967
"yddA",314.256,224.71
"ydeM",290.354,84.4003
"ydeN",275.449,221.369
"ydeO",378.284,113.671
"safA",239.425,79.3217
"ydeP",302.588,256.007
"ydeQ",329.881,290.801
"ydeR",318.426,343.838
"ydeS",316.665,311.959
"ydeT",369.765,387.24
"yneL",216.449,87.6933
"hipB",553.382,479.284
"lsrK",410.44,243.828
"lsrR",349.825,155.993
"lsrA",301.909,118.596
"lsrC",264.905,97.4782
"lsrD",230.548,136.411
"lsrB",209.911,91.2518
"lsrF",180.839,113.034
"lsrG",239.288,125.956
"tam",375.314,250.152
"yneE",453.222,448.276
"uxaB",312.224,148.478
"dgcF",511.973,196.417
"glsB",1329.32,1452.26
"sad",511.617,385.917
"yneJ",329.573,297.41
"ydeA",701.331,1361.24
"marR",3525.14,1801.8
"marA",4664.7,2760.78
"marB",1529.83,650.873
"eamA",597.351,544.562
"ydeE",76.6537,28.6787
"dgcZ",401.822,512.059
"ydeI",234.206,231.585
"ydeJ",346.678,244.034
"dcp",344.539,529.973
"ydfG",866.119,1285.67
"rspR",1082.57,990.639
"ydfZ",701.585,651.408
"ydfJ",448.367,395.467
"stfQ",143.11,57.4367
"ydfO",514.069,315.479
"gnsB",13.0597,30.5741
"ynfN",152.107,45.0796
"cspI",456.692,209.617
"rzpQ",197.328,92.3164
"rrrQ",178.539,69.4336
"ydfR",202.151,127.168
"essQ",246.909,108.486
"cspB",3166.17,2574.37
"cspF",2591.83,2096.13
"ydfT",208.682,143.261
"ydfU",298.689,122.756
"rem",364.26,189.801
"hokD",0.176217,0.496627
"relE",23.1798,24.7843
"relB",0.348719,0.375845
"ydfV",331.366,140.036
"flxA",850.043,3811.44
"ydfW",203.615,131.905
"ydfX",174.746,156.333
"dicC",139.56,68.4184
"dicA",3400.3,2843.45
"ydfA",374.703,190.149
"ydfC",108.669,55.6791
"dicF",268.86,94.1929
"dicB",486.236,199.553
"ydfD",687.721,255.648
"ydfE",286.355,145.795
"intQ",215.148,84.4011
"rspB",216.252,124.027
"rspA",265.871,91.757
"ynfA",571.501,486.72
"ynfB",2675.75,3337.68
"speG",1974.17,2736.8
"ynfC",759.479,712.667
"ynfE",251.431,111.972
"ynfF",405.522,181.938
"ynfG",361.766,247.26
"ynfH",800.435,623.768
"dmsD",1438.26,1906
"clcB",791.267,601.297
"bidA",421.768,218.245
"mlc",552.319,477.922
"ynfL",596.37,351.729
"ynfM",399.371,246.81
"asr",443.099,326.839
"mdtI",590.138,1079.6
"mdtJ",1021.52,2220.67
"tqsA",278.243,207.44
"pntB",1503.7,1702.61
"pntA",1677.22,1543.13
"ydgH",1967.48,3070.37
"ydgI",656.229,1096.89
"folM",562.697,655.874
"ydgC",472.069,515.946
"rstA",1165.91,1343.41
"rstB",458.205,495.812
"tus",595.111,427.994
"fumC",267.701,136.527
"fumA",613.309,484.404
"manA",2065.02,2408.61
"ydgA",2841.26,3707.48
"uidC",264.112,158.338
"uidB",162.64,88.9952
"uidR",754.547,636.069
"malI",550.847,319.077
"malX",424.427,191.32
"malY",584.034,389.639
"add",839.402,802.021
"ydgJ",741.932,806.565
"blr",2145.28,2703.8
"cnu",3090.89,3575.4
"ydgK",2552.52,2885.58
"rsxA",3793.81,3952.7
"rsxB",6061.02,6798.54
"rsxC",3568.81,3726.37
"rsxD",1724.37,2353.33
"rsxG",1716.59,2340.6
"rsxE",1137.65,1412.02
"nth",729.01,914.293
"gstA",1292.17,1280.09
"pdxY",803.664,1088.3
"tyrS",2862.48,3091.99
"pdxH",631.095,747.24
"mliC",834.015,1198.84
"anmK",392.25,369.18
"slyB",5935.97,8786.25
"slyA",2327.85,3022.38
"ydhI",1108.35,1368.76
"ydhJ",542.114,601.874
"ydhK",436.278,271.257
"sodC",471.395,331.253
"ydhL",162.16,76.1844
"nemR",549.357,382.948
"nemA",730.539,680.058
"gloA",2170.9,2832.55
"rnt",983.725,874.42
"lhr",269.435,104.69
"grxD",2975.63,3850.94
"mepH",1219.9,1628.7
"sodB",7944.35,10214.3
"ydhP",971.772,890.325
"purR",2812.13,2539.34
"punR",471.365,299.984
"punC",717.562,338.468
"cfa",1775.78,1513.89
"ribC",634.702,824.87
"mdtK",3567.22,4032.25
"ydhQ",884.402,1113.16
"ydhR",7844.98,5288.39
"ydhS",422.143,108.611
"ydhT",358.445,186.946
"ydhU",352.832,188.541
"ydhX",306.573,131.802
"ydhW",302.318,143.333
"ydhV",202.433,88.2483
"ydhY",274.27,123.109
"fumD",426.899,344.989
"pykF",2744.41,2662.35
"lpp",9224.16,10303.7
"ldtE",657.811,649.095
"sufE",187.502,72.9151
"sufS",293.506,164.135
"sufD",281.955,153.931
"sufC",273.467,129.957
"sufB",389.212,192.399
"sufA",313.497,200.636
"rydB",864.362,374.5
"ydiH",1074.25,1045.21
"menI",358.245,385.189
"ydiJ",220.14,372.408
"ydiK",624.529,646.527
"rprA",2552.37,1618.7
"ydiL",434.886,168.33
"ydiM",164.622,34.2033
"ydiN",185.197,63.2135
"ydiB",277.814,179.881
"aroD",295.836,276.531
"ydiF",455.941,191.019
"ydiP",236.534,191.464
"ydiQ",289.513,118.652
"ydiR",214.246,92.7266
"ydiS",249.06,109.25
"ydiT",239.168,87.6574
"fadK",163.83,109.436
"ppsA",1155.61,4664.09
"ppsR",677.397,828.202
"aroH",530.889,1012.93
"ydiE",537.162,299.331
"selO",1166.84,616.585
"rflP",722.843,852.086
"nlpC",1264.22,1566.68
"btuD",723.398,679.036
"btuE",775.313,856.989
"btuC",957.545,860.173
"ihfA",2457.12,3267.37
"pheT",3767.87,4927.92
"pheS",4986.28,5696.76
"pheM",720.194,623.141
"rplT",6282.42,6435.04
"rpmI",11298.4,12985.7
"thrS",5917.62,6959.37
"ydiY",3285.98,6387.21
"pfkB",719.206,598.645
"ydiZ",376.837,286.236
"yniA",855.039,534.167
"yniB",1008.7,1181.35
"hxpB",1441.88,1491.65
"ydjM",1357.37,859.392
"tcyP",820.012,606.388
"ydjO",203.152,74.3464
"cedA",1070.23,1027.26
"katE",251.12,93.9339
"chbG",483.52,288.48
"chbF",281.801,205.045
"chbR",247.419,218.435
"chbA",329.163,215.214
"chbB",592.071,606.562
"osmE",527.312,459.233
"nadE",980.264,1096.89
"cho",993.769,292.641
"spy",626.667,741.068
"astE",239.516,119.059
"astB",254.334,118.435
"astD",407.964,238.842
"astC",309.373,160.089
"xthA",1025.44,1094.1
"ydjX",336.514,149.98
"ydjY",338.368,219.11
"ydjZ",172.927,121.285
"ynjA",515.898,396.144
"ynjB",538.288,449.528
"ynjC",197.21,98.8975
"ynjD",262.483,136.301
"ynjE",204.54,154.257
"ynjF",268.089,226.147
"nudG",266.436,420.414
"ynjH",392.802,353.928
"gdhA",1032.33,968.205
"topB",468.066,466.328
"selD",2012.58,2124.37
"ydjA",1650.97,2153.56
"sppA",593.825,559.429
"ansA",1203.05,2604.99
"pncA",696.309,1383.93
"ydjE",226.85,135.766
"ydjF",525.451,530.985
"ydjG",350.15,229.63
"ydjH",303.116,185.417
"ydjI",297.415,206.101
"ydjJ",217.301,132.81
"ydjK",184.781,55.9288
"ydjL",213.491,76.479
"yeaC",780.471,763.39
"msrB",910.451,899.464
"gapA",4807.36,3331.79
"yeaD",436.791,194.333
"yeaE",869.719,570.328
"mipA",2443.73,2821.39
"yeaG",529.876,250.315
"yeaK",1079.99,1298.16
"yoaI",236.575,123.353
"yeaL",882.19,773.581
"nimR",730.06,447.991
"nimT",333.21,203.494
"yeaO",531.92,328.183
"yoaF",859.705,873.525
"yeaQ",808.051,1078.31
"yoaG",361.368,196.866
"yeaR",369.947,154.113
"leuE",894.018,1811.18
"dmlR",274.341,123.971
"dmlA",319.377,147.072
"yeaV",176.847,52.8908
"yeaW",348.413,169.941
"yeaX",253.741,113.797
"rnd",1616.31,1973.12
"fadD",1155.06,1134.16
"yeaY",1492.25,1877.84
"tsaB",1617.77,2139.55
"yoaA",558.13,363.584
"yoaB",1184.28,1397.38
"yoaC",696.469,1383.32
"yoaH",2001.42,2273.53
"pabB",549.302,525.593
"nudL",636.184,588.678
"sdaA",3778.94,3778.47
"pdeD",366.495,158.437
"yoaE",490.939,397.514
"manX",719.453,720.732
"manY",742.752,581.387
"manZ",481.897,399.016
"yobD",294.752,214.669
"mntP",810.184,936.542
"rlmA",1396.92,1451.24
"cspC",3705.16,8517.02
"yobF",3229.47,7076.17
"yebO",2038.11,3372.24
"mgrB",2374.91,3380.69
"kdgR",1214.09,1877.59
"htpX",3898.48,5413.65
"prc",2179.55,3294.5
"letB",553.787,397.648
"rsmF",1025.66,988.409
"yebV",795.722,406.009
"yebW",1520.2,1228.67
"pphA",423.676,233.923
"ryeA",615.51,507.786
"yebY",2018.13,2518.2
"yebZ",1891.57,2026.51
"yobA",2742.99,3075.55
"holE",2518.14,1715.32
"yobB",559.903,408.842
"exoX",1033.71,788.773
"yebE",1403.84,727.136
"yebF",4399.74,1508.28
"yebG",4775.07,2196.99
"purT",369.161,255.151
"eda",1434.81,2147.52
"edd",295.27,153.383
"zwf",2004.41,2940.9
"yebK",526.277,458.923
"pykA",614.788,648.424
"lpxM",1313.59,1222
"mepM",1025.25,1418.05
"znuA",749.602,927.125
"znuC",1087.94,1007.79
"znuB",1330.45,1138.64
"ruvB",2117.83,1196.83
"ruvA",2881.04,1646.77
"yebB",305.506,137.301
"ruvC",2254.33,2392.51
"yebC",4412.46,5655.91
"nudB",4724.97,5105.25
"aspS",6674.23,7299.01
"yecE",493.826,441.176
"yecN",4516.28,3531.84
"cmoA",4833.4,4487.41
"cmoB",3071.31,3851.84
"torZ",424.889,231.124
"torY",363.357,178.866
"cutC",731.108,705.329
"yecM",1009.68,1084.43
"argS",3203.95,3446.73
"yecT",346.274,259.414
"flhE",191.891,133.042
"flhA",326.419,118.425
"flhB",306.176,224.656
"cheZ",479.048,668.052
"cheY",291.468,534.997
"cheB",288.321,399.185
"cheR",249.595,544.714
"tap",272.621,494.284
"tar",381.202,762.132
"cheW",361.143,997.381
"cheA",614.089,1459.42
"motB",624.159,1533.63
"motA",573.544,1902.35
"flhC",315.678,357.398
"flhD",271.462,469.089
"uspC",382.367,280.239
"otsA",431.727,209.02
"otsB",265.774,131.496
"araG",316.453,122.892
"araF",304.622,157.843
"ftnB",395.673,527.077
"yecR",156.493,89.6658
"ftnA",1473.58,4110.13
"yecH",212.921,123.34
"tyrP",764.835,779.569
"yecA",2294.68,1699.58
"pgsA",524.514,1015.99
"uvrC",635.721,631.74
"uvrY",3048.59,2932.77
"yecF",1687.24,2503.12
"sdiA",838.358,878.936
"tcyN",487.477,462.109
"tcyL",517.986,479.156
"tcyJ",965.646,1299.67
"fliZ",294.731,393.22
"fliA",269.979,504.942
"fliC",637.355,3811.89
"fliD",272.002,727.457
"fliS",243.338,867.428
"fliT",225.382,601.909
"amyA",298.621,333.21
"yedD",2090.76,3723.06
"yedE",991.156,886.588
"yedF",650.532,460.771
"yedK",302.203,73.6402
"intG",362.791,179.067
"fliE",192.295,109.42
"fliF",227.092,148.017
"fliG",296.25,181.257
"fliI",290.355,209.481
"fliJ",289.398,166.029
"fliK",319.384,71.8195
"fliL",212.226,374.822
"fliM",297.013,292.073
"fliN",274.917,274.126
"fliO",299.991,168.85
"fliP",267.223,150.19
"fliQ",323.766,160.103
"fliR",294.298,115.198
"rcsA",214.031,143.247
"dsrB",401.027,421.577
"yodD",328.535,199.477
"dsrA",301.474,187.139
"yedP",335.952,166.237
"dgcQ",430.813,229.38
"yodC",946.819,860.677
"yedI",978.858,1154.11
"yedA",489.959,373.842
"vsr",581.548,396.135
"dcm",1165.47,1430.35
"yedJ",1971.74,2311.85
"hchA",1463.76,772.772
"hprS",234.665,288.286
"hprR",799.049,1124.44
"hiuH",594.25,465.013
"msrP",855.331,607.588
"msrQ",833.23,579.806
"zinT",390.466,225.232
"yodB",360.127,154.298
"mtfA",359.298,282.39
"yeeJ",368.146,136.925
"shiA",438.488,290.494
"amn",384.748,302.612
"yeeN",1458.17,1456.73
"cbl",333.308,203.103
"nac",302.343,172.256
"ldtA",633.105,588.352
"cobT",418.303,468.958
"cobS",1497.83,1953.35
"cobU",1370.41,1589.99
"yeeP",257.263,156.12
"flu",317.656,176.659
"yeeR",397.306,205.238
"yeeS",410.744,118.993
"yeeT",496.392,200.054
"cbeA",139.613,74.3701
"cbtA",308.263,120.719
"yeeW",767.141,663.178
"tmaR",2672.42,2322.56
"yeeA",741.401,580.774
"sbmC",551.391,336.47
"dacD",276.45,190.739
"sbcB",561.013,522.669
"tsuB",598.386,402.882
"tsuA",560.209,448.988
"plaP",5886.98,6795.33
"yeeY",487.149,217.048
"yeeZ",796.122,774.096
"yefM",16.4713,3.28436
"hisL",3276.39,2355.76
"hisG",4970.26,3176.37
"hisD",1980.21,1079.97
"hisC",2727.78,2094.24
"hisB",1312.75,1010.32
"hisH",1607.47,1205.92
"hisA",1584.82,1075.56
"hisF",1336.64,1110.03
"hisI",1303.38,867.237
"wzzB",2706.11,3818.15
"ugd",857.043,668.678
"gnd",2875.85,5994.71
"wbbK",2717.89,4484.07
"wbbJ",2409.85,4032.25
"wbbI",2403.71,5079.08
"wbbH",3092.95,5036.94
"glf",2111.68,3700.9
"rfbX",1855.36,3081.59
"rfbC",1816.55,3126.6
"rfbA",3451.67,4789.94
"rfbD",2974.95,4163.32
"rfbB",4388.67,5296.54
"galF",3009.46,5430.9
"wcaM",235.211,195.943
"wcaL",320,96.4021
"wcaK",255.552,136.731
"wzxC",445.96,190.087
"wcaJ",405.706,168.36
"cpsB",188.96,130.811
"wcaI",285.839,162.127
"gmm",290.224,166.617
"fcl",246.533,155.261
"gmd",248.281,157.127
"wcaF",229.083,93.9684
"wcaE",150.329,69.481
"wcaD",246.388,112.169
"wcaC",175.85,93.6589
"wcaB",205.159,80.3416
"wcaA",312.984,129.887
"wzc",99.2272,69.5496
"wza",199.442,82.0994
"yegH",545.242,644.989
"asmA",715.13,828.271
"dcd",2552.63,3672.84
"udk",2883.45,5553.53
"dgcE",276.191,197.352
"alkA",256.575,132.456
"yegD",1988.69,2141.94
"yegI",468.578,209.649
"yegJ",507.081,470.404
"pphC",308.614,113.846
"yegL",235.566,124.647
"sibA",401.548,226.568
"sibB",498.666,221.209
"mdtA",445.245,297.416
"mdtB",377.62,187.359
"mdtC",320.876,194.305
"mdtD",356.497,166.257
"baeS",181.323,64.8756
"baeR",618.261,401.473
"yegP",453.352,418.696
"trhP",3721.97,4636.94
"cyaR",3040.6,4276.72
"ogrK",1128.89,1253.41
"yegZ",270.544,211.735
"yegR",208.816,177.748
"yegS",394.649,261.607
"gatD",265.739,269.566
"gatC",684.528,956.955
"gatB",390.414,539.792
"gatA",396.659,663.574
"gatZ",806.87,1357.02
"gatY",1875.04,2790.56
"fbaB",287.053,240.34
"yegT",243.668,112.208
"yegU",439.553,303.267
"yegV",328.662,199.362
"yegW",1292.55,1196.84
"yegX",585.033,513.954
"thiD",564.055,315.316
"thiM",699.053,431.088
"rcnR",794.561,646.755
"rcnA",532.675,352
"yehA",262.918,156.296
"yehB",162.034,67.5377
"yehC",205.313,77.3415
"yehD",233.089,100.389
"yehE",421.868,342.769
"mrp",2495.47,2982.65
"metG",3045.7,3573.67
"yehF",421.565,400.286
"yehI",194.772,83.5734
"yehL",347.455,150.352
"yehM",356.949,177.68
"yehP",147.557,83.2224
"yehQ",203.027,112.31
"yehR",235.966,134.091
"yehS",972.306,1197
"btsR",377.243,283.174
"btsS",267.457,172.689
"yehW",266.739,110.186
"yehX",184.5,100.508
"yehY",229.99,128.373
"osmF",383.488,204.852
"bglX",570.589,710.142
"dld",939.07,1057.81
"pbpG",858.288,797.272
"yohC",274.51,121.185
"yohD",832.36,516.868
"yohF",396.587,205.112
"mdtQ",637.337,503.029
"dusC",1435.83,1913.83
"yohJ",1261.19,2098.67
"yohK",1191.75,1666.96
"cdd",836.708,1024.01
"sanA",750.826,875.68
"yeiS",717.534,1416.48
"preT",467.097,265.544
"preA",341.75,191.93
"mglC",362.703,145.131
"mglA",198.71,136.449
"mglB",288.679,245.012
"galS",348.539,115.865
"folE",3179.49,4019.54
"yeiG",364.526,251.809
"cirA",530.405,246.744
"lysP",1100.64,1282.7
"yeiE",544.035,392.225
"yeiH",715.374,610.32
"nfo",557.862,678.089
"yeiI",461.226,442.617
"nupX",197.402,86.7274
"rihB",224.511,70.9223
"yeiL",404.501,187.712
"psuT",341.699,205.356
"psuG",191.512,60.8109
"psuK",189.076,85.5975
"fruA",1877.77,969.527
"fruK",1441.15,334.349
"fruB",1288.26,119.124
"setB",281.894,194.456
"yeiQ",429.413,224.019
"yeiR",556.07,492.036
"lpxT",1158.83,1546.7
"mepS",4250.69,5042.06
"pdeN",373.065,243.51
"yejA",620.235,513.25
"yejB",473.028,278.244
"yejE",145.181,91.0219
"yejG",686.792,839.405
"bcr",1324.24,1612.45
"radD",540.57,402.66
"rplY",14430.7,13464.7
"yejK",1415.32,1444.88
"yejL",3703.13,4314.69
"lapC",1124.02,1326.42
"yejO",450.711,395.442
"narP",1124.03,1303.24
"ccmH",396.092,544.664
"ccmG",610.758,664.24
"ccmF",587.456,579.263
"ccmE",479.89,540.008
"ccmD",505.983,398.983
"ccmC",1102.63,1199.48
"ccmB",841.715,1242.67
"ccmA",634.657,489.616
"napC",614.123,690.089
"napB",464.988,551.514
"napH",416.769,451.145
"napG",324.151,401.272
"napA",1112.24,1520.3
"napD",536.975,680.937
"napF",445.309,563.106
"eco",3700.63,4840.15
"mqo",335.192,295.316
"yojI",965.497,556.208
"alkB",436.985,304.289
"ada",424.166,346.679
"ftp",1122.35,1248.36
"ompC",2779.15,8883.63
"micF",966.972,879.637
"rcsD",369.856,384.095
"rcsB",1564.74,2658.03
"rcsC",687.643,486.874
"atoS",239.077,113.297
"atoC",175.571,55.8811
"atoD",277.984,64.1714
"atoA",226.686,74.0547
"atoE",339.021,142.425
"atoB",339.017,163.671
"yfaP",379.132,201.285
"yfaQ",300.657,91.5358
"yfaT",490.062,204.197
"gyrA",2747.91,2731.11
"ubiG",1819.36,1471.2
"yfaL",366.542,199.907
"nrdA",2071.37,2077.99
"nrdB",1086.8,1566.85
"yfaE",517.3,629.11
"inaA",849.081,585.703
"yfaH",472.354,210.831
"glpQ",376.22,346.74
"glpT",189.978,157.246
"glpB",357.197,241.383
"glpC",311.914,157.086
"rpnE",282.801,97.9691
"yfaX",275.859,77.5404
"yfaY",533.117,400.229
"yfaZ",892.607,1053.93
"nudI",285.836,240.442
"ais",366.922,221.655
"arnB",362.723,292.563
"arnC",595.339,292.024
"arnA",176.102,135.7
"arnD",446.795,226.318
"arnT",328.167,154.273
"arnF",202.881,154.719
"pmrD",801.821,738.63
"menE",491.162,493.048
"menC",757.317,909.135
"menB",989.51,1177.59
"menH",164.965,239.92
"menD",699.768,1119.54
"menF",863.742,1282.94
"elaB",499.484,495.305
"elaA",451.469,441.151
"rbn",574.705,616.365
"elaD",320.434,118.055
"yfbK",198.644,94.4704
"yfbL",255.718,133.597
"yfbM",346.706,194.727
"yfbN",242.439,110.974
"yfbO",311.551,190.99
"yfbP",420.16,246.876
"nuoN",821.651,1293.91
"nuoM",117.249,267.722
"nuoL",775.359,2015.93
"nuoK",713,2267.48
"nuoJ",989.722,2582.94
"nuoI",1105.69,2981.68
"nuoH",695.401,1509.18
"nuoG",205.718,560.182
"nuoF",609.731,1110.5
"nuoE",864.282,1877.22
"nuoC",1407.25,2453.91
"nuoB",1212.19,2369.21
"nuoA",1419.73,2754.89
"lrhA",2255.1,3126.8
"alaA",1082.65,1266.09
"yfbR",405.639,286.467
"yfbS",927.104,488.975
"hxpA",1018.55,1116.18
"yfbU",1858.56,1617.58
"ackA",7314.07,8403.31
"pta",4245.98,5985.69
"yfcC",254.322,88.6524
"yfcD",1688.24,1503.95
"yfcE",1365.51,1526.63
"yfcF",471.253,277.837
"yfcG",313.731,110.902
"folX",2009.81,2509.67
"yfcH",1232.1,1221.89
"rpnB",267.879,153.792
"hisP",392.751,299.94
"hisM",326.341,238.946
"hisQ",321.538,273.089
"hisJ",474.915,674.993
"argT",351.706,312.857
"ubiX",845.656,736.997
"purF",889.872,810.661
"cvpA",1805.09,2238.7
"dedD",2167.05,2482.96
"folC",1793.41,1894.51
"accD",4292.3,5390.22
"truA",2251.57,2743.43
"pdxB",1508.97,1613.38
"flk",803.034,655.197
"yfcJ",627.955,334.488
"fabB",6203.37,6198.75
"mnmC",444.93,383.298
"yfcL",856.408,763.513
"epmC",874.031,985.215
"yfcA",457.857,578.875
"mepA",809.263,1021.97
"aroC",1808.82,2180.91
"prmB",2983.59,2987.58
"smrB",929.971,890.198
"yfcO",1146.11,929.135
"yfcP",336.684,142.199
"yfcQ",277.823,138.085
"yfcR",358.505,162.886
"yfcS",405.962,185.901
"yfcV",182.994,107.674
"sixA",2533.88,2207.11
"fadJ",318.373,122.814
"fadI",429.859,187.974
"yfcZ",1498.27,1830.48
"fadL",6625.67,7800.83
"yfdF",227.072,125.639
"mlaA",1998,3099.08
"yfdC",285.207,154.35
"intS",730.511,395.222
"yfdG",1941.61,2354.37
"yfdH",1316.42,2183.07
"yfdI",392.543,740.065
"tfaS",558.313,421.753
"yfdK",324.457,251.495
"yfdL",211.079,81.205
"yfdM",197.6,79.9254
"yfdN",228.272,87.3087
"yfdO",304.392,85.6725
"yfdP",297.442,186.904
"yfdQ",377.858,276.885
"yfdR",166.934,67.9314
"yfdS",221.517,73.1122
"yfdT",419.035,146.103
"dsdC",367.356,143.762
"dsdA",363.291,287.781
"emrY",249.642,89.9135
"emrK",197.792,60.294
"evgA",591.76,813.88
"evgS",185.011,128.305
"yfdE",236.726,134.192
"yfdV",342.558,167.85
"oxc",408.798,219.568
"frc",221.467,103.494
"yfdX",318.599,225.505
"ypdI",267.001,150.423
"yfdY",636.367,468.207
"lpxP",1384.02,768.085
"alaC",344.199,226.18
"pyrS",747.859,670.915
"pyrR",399.755,256.885
"ypdC",231.524,127.068
"fryA",184.215,61.527
"ypdE",205.395,122.308
"ypdF",242.808,89.032
"fryC",182.445,103.945
"fryB",218.475,112.838
"glk",1370.68,1282.32
"yfeO",325.048,215.291
"mntH",530.914,456.702
"nupC",401.888,687.271
"pdeA",1550.49,903.297
"yfeC",402.842,290.003
"yfeD",461.13,314.61
"gltX",2802.53,3112.29
"xapR",472.879,393.318
"xapB",249.334,137.224
"xapA",183.577,71.4509
"yfeN",503.391,311.5
"yfeR",511.289,367.087
"yfeH",476.427,391.398
"ligA",1517.15,1592.36
"zipA",1545.49,2099.29
"cysZ",797.227,1253.4
"cysK",842.316,887.504
"ptsH",2430.58,3039.85
"crr",2019.36,2772.27
"pdxK",588.973,497.906
"yfeS",619.182,277.013
"cysM",459.517,366.783
"cysA",398.805,250.41
"cysW",467.475,259.16
"cysU",429.592,214.101
"cysP",357.487,151.251
"ucpA",1024.56,976.158
"murR",166.38,71.6804
"murQ",329.767,234.505
"murP",52.0684,14.0154
"yfeW",422.811,293.349
"yfeX",2057.96,1942.87
"yfeY",3269.64,3044.6
"amiA",1806.22,1980.55
"hemF",1393.26,940.278
"eutR",638.048,225.915
"eutK",205.695,157.046
"eutL",532.033,399.81
"eutC",562.827,442.278
"eutB",778.773,686.672
"intZ",482.747,311.364
"yffL",584.661,366.066
"yffM",185.741,73.4868
"yffN",204.151,69.6465
"yffO",452.806,221.697
"yffP",466.654,222.907
"yffQ",246.089,176.053
"yffR",680.553,517.854
"yffS",739.775,620.436
"eutA",232.647,120.816
"eutG",235.991,140.107
"eutJ",269.617,96.1244
"eutN",185.702,65.2679
"eutM",307.796,240.535
"eutD",242.484,116.735
"eutT",257.344,143.236
"eutQ",319.524,140.957
"eutP",142.455,104.306
"maeB",320.699,475.481
"talA",266.02,124.55
"tktB",346.068,218.481
"ypfG",1368.39,1404.55
"nudK",593.402,394.241
"aegA",431.99,179.785
"narQ",679.079,453.365
"acrD",382.232,239.896
"yffB",957.978,1363.83
"dapE",1508.71,1397.86
"ypfH",446.078,283.5
"tmcA",522.917,418.227
"ypfJ",1263.64,1146.96
"purC",468.856,515.073
"bamC",2953.2,2553.09
"dapA",2967.09,3754.34
"gcvR",1349.69,1575.98
"bcp",2075.57,1889.01
"hyfA",449.685,190.294
"hyfB",399.017,127.131
"hyfC",223.247,99.1542
"hyfD",216.16,80.4506
"hyfE",463.678,318.608
"hyfF",276.647,103.652
"hyfG",368.088,150.562
"hyfH",320.339,129.016
"hyfI",255.525,115.799
"hyfJ",405.914,145.783
"hyfR",255.372,87.5652
"focB",350.112,151.159
"yfgO",1001.03,1053.8
"bepA",722.73,720.543
"yfgD",840.922,743.688
"hda",1585.9,1421.58
"uraA",577.051,554.823
"upp",3446.86,3558.37
"purM",613.304,1058.97
"purN",1311.37,1496.78
"ppk",571.061,583.877
"ppx",307.96,376.495
"pdeF",291.193,99.5178
"yfgG",991.987,1274.17
"yfgH",240.769,135.496
"guaB",3849.39,5319.25
"xseA",1677.49,1913.42
"yfgJ",1355.44,1263.31
"der",2864.75,3224.28
"bamB",4481.58,4515.87
"yfgM",3660.97,3877.45
"hisS",5578.83,6007.15
"ispG",3070.52,3591.69
"rodZ",1760.78,1781.46
"rlmN",1418.64,1835.64
"ndk",681.041,2405.01
"yfhM",665.845,419.639
"ryfA",1952.78,1812.21
"sseB",1752.09,1861.75
"iscX",4512.69,4155.06
"fdx",4077.08,3869.34
"hscA",3130.16,2798.64
"hscB",5096.23,4248.21
"iscA",6956.38,6156.91
"iscU",7107.88,6028.16
"iscS",7572.54,6969.88
"iscR",5890.13,4844.43
"trmJ",4286.02,4436.42
"suhB",3481.08,4635.15
"yfhR",508.464,246.757
"csiE",295.141,109.6
"hcaT",730.584,576.862
"hcaR",229.171,110.069
"hcaE",380.583,260.24
"hcaF",538.704,247.608
"hcaC",421.116,214.619
"hcaB",210.685,119.122
"hcaD",432.914,228.192
"yphA",394.729,170.758
"yphB",358.285,211.721
"yphD",305.462,194.108
"yphE",471.03,300.237
"yphF",428.471,286.198
"yphG",186.634,63.7159
"yphH",330.954,108.466
"glyA",1175.68,1252.26
"hmp",465.045,438.586
"glnB",1101.95,1526.15
"glrR",797.688,734.316
"qseG",1492.17,1508.83
"glrK",613.689,390.09
"glmY",5519.02,5802.56
"purL",680.111,948.856
"mltF",566.466,868.597
"tadA",1565.25,1052.83
"pgpC",660.683,563.195
"yfhH",770.665,883.133
"yfhL",3287.98,3182.98
"acpS",990.235,1173.7
"pdxJ",1600.95,2047.13
"recO",1272.81,1147.66
"rnc",5190.42,4450.51
"lepB",5628.36,6460.98
"lepA",5967.73,6565.6
"rseC",1629.51,1200.59
"rseA",5866.58,4634.79
"rpoE",3185.48,1963.33
"nadB",440.118,166.929
"yfiC",893.768,674.72
"srmB",2001.21,1961.21
"yfiE",323.977,172.95
"eamB",375.759,213.721
"grcA",2628.06,6748.6
"ung",821.107,721.096
"yfiF",2520.11,1815.83
"trxC",591.43,610.948
"tapT",696.294,743.288
"patZ",502.339,299.19
"pssA",1901.76,1936.8
"yfiM",275.016,255.173
"kgtP",3298.01,3478.55
"rrsG",20064.7,18774.5
"clpB",1458.75,754.157
"yfiH",1448.88,1478.26
"rluD",2643.07,2690.24
"bamD",1996.24,2496.18
"raiA",1052.59,969.892
"pheL",308.411,284.844
"pheA",588.458,683.213
"tyrA",776.624,693.556
"aroF",1863.67,2039.24
"yfiL",199.879,77.3716
"yfiR",960.332,814.625
"dgcN",466.901,324.655
"yfiB",408.269,395.695
"rplS",11707.1,11072.2
"trmD",12884.1,11648.9
"rimM",17346.8,15595.7
"rpsP",15129.6,14655.9
"ffh",3136.51,3404.6
"ypjD",1141.23,1492.64
"grpE",1609.37,1191.88
"nadK",618.413,481.588
"recN",3185.94,651.098
"bamE",2573.37,3124.71
"yfjF",1379.11,2122.37
"ratA",1991.43,2646.38
"smpB",3146.86,3405.13
"ssrA",16235.7,12580.2
"intA",585.193,305.844
"yfjH",331.307,258.471
"alpA",297.137,118.219
"yfjI",276.179,112.424
"yfjJ",283.303,130.908
"abpB",362.424,260.178
"abpA",896.968,651.938
"yfjM",820.823,593.96
"rnlA",2470.58,2845.87
"rnlB",3340.63,3090.62
"yfjP",364.202,142.072
"yfjQ",311.475,116.072
"yfjR",338.298,177.079
"ypjK",292.711,155.145
"yfjS",222.601,117.995
"yfjT",371.818,187.543
"yfjU",533.715,305.263
"yfjV",157.753,127.378
"yfjW",330.864,220.234
"yfjX",287.511,123.212
"yfjY",245.492,71.8267
"yfjZ",288.906,91.9829
"ypjF",490.445,235.54
"ypjA",337.827,133.175
"pinH",219.726,108.432
"ypjB",202.72,70.7983
"ypjC",115.395,28.3919
"glaH",339.371,213.097
"lhgD",294.415,138.866
"gabD",105.103,57.948
"gabT",214.869,124.556
"gabP",178.799,76.3063
"glaR",490.287,359.139
"kbp",699.351,658.372
"yqaE",555.619,636.919
"ygaV",344.279,364.413
"ygaP",304.704,261.047
"stpA",709.322,1356.45
"alaE",1334.95,817.491
"ygaC",656.887,501.592
"ygaM",212.763,71.4074
"nrdH",626.506,514.66
"nrdI",311.128,205.1
"nrdE",426.846,208.041
"nrdF",163.944,98.8412
"proV",573.302,342.095
"proW",268.513,137.574
"proX",372.338,307.512
"ygaY",338.319,155.861
"ygaZ",711.018,718.105
"ygaH",505.84,541.229
"mprA",1998.04,2343.84
"emrA",897.409,716.126
"emrB",306.864,264.583
"luxS",2251.66,1811.91
"micA",1878.88,376.15
"gshA",2926.88,2492.43
"yqaA",2929.99,2177.56
"yqaB",2630.07,1727.88
"csrA",3714.52,4754.29
"alaS",5180.44,6180.56
"recX",870.206,302.468
"recA",4280.56,3506.18
"pncC",1027.93,962.976
"mltB",798.333,718.84
"srlA",223.943,96.201
"srlB",268.47,93.8832
"srlD",255.576,107.586
"gutM",261.825,149.364
"srlR",699.973,771.515
"gutQ",370.812,316.921
"norR",797.089,455.87
"norV",402.223,237.647
"norW",681.364,297.857
"hypF",422.98,211.533
"hydN",348.221,176.916
"ascG",702.663,447.622
"ascF",465.272,209.593
"ascB",370.851,181.758
"hycH",730.638,630.395
"hycG",363.685,237.077
"hycF",409.214,181.216
"hycE",447.359,215.735
"hycD",338.502,184.053
"hycC",451.694,234.269
"hycB",85.3369,27.3357
"hycA",306.485,111.321
"hypA",337.044,233.9
"hypB",503.765,384.231
"hypC",361.905,284.944
"hypD",325.966,219.078
"hypE",523.197,321.176
"fhlA",397.646,210.022
"ygbA",475.351,203.945
"mutS",798.805,958.896
"pphB",557.497,310.536
"ygbI",1176.86,910.881
"ygbJ",363.991,152.575
"ygbK",546.446,465.561
"ygbL",501.1,272.256
"ygbM",471.96,246.493
"ygbN",369.332,188.126
"rpoS",2539.08,2406.25
"nlpD",4453.21,4956.46
"pcm",1099.76,1710.03
"umpG",1022.68,1984.65
"truD",965.628,2053.14
"ispF",698.798,1794.36
"ispD",438.719,1267.24
"ftsB",1023.64,2878.61
"ygbE",453.414,367.7
"cysC",208.805,189.7
"cysN",320.194,165.538
"cysD",209.963,77.5444
"iap",1318.33,1559.87
"cas2",475.098,324.982
"cas1",457.608,242.792
"casE",390.078,312.424
"casD",295.033,259.898
"casC",374.431,252.151
"casB",230.234,192.051
"casA",186.567,133.942
"cas3",243.717,158.069
"cysH",232.039,148.376
"cysI",373.299,197.124
"cysJ",357.349,203.127
"queD",1894.19,1751.56
"ygcN",687.828,620.272
"ygcO",299.331,147.961
"ygcP",448.548,272.958
"ygcR",342.131,144.707
"ygcS",162.87,134.143
"ygcW",219.337,100.689
"yqcE",286.692,148.931
"ygcE",301.661,105.886
"queE",667.95,730.479
"ygcG",248.985,92.2036
"eno",2077.31,4340.91
"pyrG",3204.54,6608.11
"mazG",612.777,762.381
"mazF",1.97977,5.35685
"mazE",4.92332,0.988873
"relA",1586.98,2079.24
"rlmD",667.63,895.03
"barA",536.519,502.289
"gudX",404.979,252.104
"gudP",259.275,108.088
"yqcA",279.625,317.38
"truC",653.562,729.893
"yqcC",1027.91,1194.58
"csrB",3373.24,5397.5
"syd",978.933,682.948
"queF",1427.41,1635.76
"ppnN",766.939,590.109
"sdaC",2486.08,2348.17
"sdaB",1801.55,1718.04
"ygdG",941.332,576.364
"fucO",435.86,173.624
"fucA",330.24,138.708
"fucP",625.217,144.185
"fucI",471.504,211.564
"fucK",365.152,183.506
"fucU",611.094,548.653
"fucR",501.239,290.375
"rlmM",1919.23,1635.78
"ygdD",2999.15,3324.25
"gcvA",724.283,743.125
"gcvB",16109.3,13798
"ygdI",485.597,259.62
"csdA",3242.52,2451.54
"csdE",1923.94,1610.67
"tcdA",2047.84,1792.8
"mltA",872.158,1058.83
"argA",660.435,341.351
"recD",293.528,243.603
"recB",624.748,542.334
"ptrA",614.817,491.439
"recC",465.685,324.108
"ppdC",363.302,264.179
"ygdB",497.429,326.663
"ppdA",282.396,137.834
"thyA",1641.25,3001.96
"lgt",1223.88,1794.91
"ptsP",1369.45,1219.25
"rppH",2806,2615.41
"mutH",782.582,459.904
"ygdQ",1145.78,1095.39
"ygdR",1459.98,1341.19
"tas",1047.41,897.799
"lplT",476.628,334.871
"aas",492.076,374.791
"omrA",507.673,329.863
"omrB",402.404,189.906
"galR",625.828,537.235
"lysA",519.411,170.411
"lysR",485.867,270.515
"ygeA",805.477,542.688
"araE",260.494,231.892
"kduD",387.361,250.149
"kduI",342.931,221.394
"yqeF",299.866,197.959
"yqeG",1097.29,950.48
"yqeH",177.338,87.606
"yqeI",239.165,193.054
"yqeJ",273.12,173.625
"yqeK",158.159,43.4147
"ygeF",303.336,86.4932
"ygeG",225.883,64.108
"ygeH",313.401,89.1448
"ygeI",121.068,71.5554
"pbl",171.858,48.9144
"ygeK",177.278,82.5081
"ygeL",225.942,65.0299
"ygeN",220.563,212.942
"ygeO",520.13,344.343
"ygeP",1161.19,1124.52
"ygeQ",2098.76,1949.95
"xdhA",263.932,119.936
"xdhB",303.486,114.442
"xdhC",381.671,129.435
"ygeV",603.147,346.859
"ygeW",333.316,216.529
"ygeX",313.14,163.873
"ygeY",391.387,196.337
"hyuA",189.755,96.3955
"yqeA",254.634,171.909
"yqeB",347.935,171.263
"yqeC",356.461,177.664
"mocA",368.793,485.884
"ygfK",156.482,87.1894
"ssnA",323.587,126.669
"ygfM",313.222,132.541
"xdhD",972.354,976.515
"xanQ",263.526,103.301
"guaD",411.695,203.077
"ygfT",351.676,137.581
"uacT",314.56,127.266
"idi",491.52,423.678
"lysS",4440.53,5815.16
"recJ",1236.34,1352.92
"dsbC",2525.43,2684.91
"xerD",2539.5,2466.01
"fldB",1180.46,1446.28
"ygfX",1357.86,1404.01
"sdhE",2201.91,2072.41
"ygfZ",1478.03,1574.12
"yqfA",558.263,502.388
"yqfB",1053.61,1305.22
"bglA",1541.69,1315.32
"ygfF",339.9,157.034
"gcvP",739.003,759.238
"gcvH",1256.41,1928.19
"gcvT",767.23,810.749
"ubiI",368.291,607.453
"ubiH",1063.66,1411.3
"pepP",1178.09,1674.1
"ygfB",1825.01,2740.65
"zapA",5931.77,4711.59
"ssrS",11224.9,9080.96
"fau",648.884,325.418
"sibC",1761.26,1241.81
"serA",503.548,711.246
"rpiA",1395.03,1719.98
"yqfE",202.084,80.8564
"argP",722.868,529.09
"argK",360.042,169.39
"scpB",293.848,147.055
"scpC",271.72,133.441
"yggE",1675.14,3058.42
"argO",920.05,1345.97
"mscS",2209.48,2983.84
"fbaA",1861.48,2703.5
"pgk",2299.23,2730.51
"epd",2386.31,1632.25
"yggC",1363.05,763.82
"fumE",1418.9,1240.81
"yggF",294.058,172.412
"cmtA",329.02,164.507
"cmtB",221.8,76.8173
"tktA",2402.36,3703.42
"loiP",1406.82,2212.87
"speB",3885.28,5595.25
"speA",3255.56,3280.86
"yqgB",1211.05,1791.34
"yqgC",315.324,223.835
"yqgD",234.046,98.2468
"metK",3770.52,7114.27
"galP",481.473,514.519
"yggI",586.569,319.823
"endA",628.435,342.584
"rsmE",1065.57,1015.8
"gshB",1675.79,1498.96
"yqgF",1597.53,2381.65
"yggR",489.215,200.98
"yggS",858.06,2241.52
"yggT",2345.6,4379.88
"yggU",1654.51,2742.66
"rdgB",1129.07,1906.68
"hemW",740.868,873.383
"yggM",431.562,202.31
"ansB",876.337,506.975
"yggN",2153.1,1630.44
"yggL",3502.16,3460.33
"trmB",2945.4,2421.15
"mutY",1041.26,1148.34
"yggX",1155.46,1584.04
"mltC",718.831,633.454
"nupG",500.751,293.665
"speC",538.718,723.682
"yqgA",439.027,207.931
"yghD",439.295,235.365
"yghE",344.482,247.168
"yghF",450.414,243.021
"yghG",364.554,284.85
"pppA",407.623,386.762
"glcA",215.61,188.417
"glcB",408.583,391.762
"glcG",489.896,333.274
"glcD",357.543,154.695
"glcC",268.915,185.018
"yghO",308.061,126.311
"yghQ",381.408,219.707
"yghR",351.908,160.549
"yghS",274.795,148.381
"yghT",290.274,136.267
"pitB",288.739,145.647
"gss",374.587,234.885
"yghU",406.482,395.661
"hybG",817.482,587.208
"hybF",298.352,230.517
"hybE",1118.16,782.327
"hybD",1368.17,1045.04
"hybC",1043.26,969.856
"hybB",411.895,661.67
"hybA",693.439,1059.71
"hybO",779.816,1076.21
"yghW",341.139,204.039
"gpr",354.231,243.926
"yqhA",1071.67,3126.38
"yghA",302.355,149.569
"exbD",2751.91,2058.02
"exbB",1078.29,448.924
"metC",425.018,288.122
"yghB",846.868,813.81
"yqhD",593.061,511.691
"dkgA",362.101,201.37
"yqhH",330.946,160.702
"ftsP",1986.75,2437.89
"plsC",3219.8,3654.16
"parC",2935.12,2183.14
"ygiS",5609.14,3592.6
"mqsA",11.7185,11.0939
"mqsR",10.1365,9.99413
"ygiV",778.29,675.865
"ygiW",859.31,1279.3
"qseB",495.965,308.854
"qseC",411.147,231.938
"ygiZ",300.585,136.742
"mdaB",1145.69,1278.46
"ygiN",1639.94,1486.41
"parE",894.829,1250.16
"yqiA",1715.77,1791.85
"cpdA",2166.42,2242.74
"yqiB",1306.99,1229.24
"nudF",1400.8,1426.59
"tolC",2524.47,4604.33
"ygiB",1217.17,1596.38
"ygiC",911.504,1119.4
"ygiD",431.694,230.9
"zupT",820.456,767.826
"ribB",1150.94,1251.42
"ubiK",1429.64,2215.79
"ygiL",405.838,491.195
"yqiG",347.579,288.225
"yqiH",253.444,157.428
"yqiI",314.204,136.363
"glgS",650.6,717.29
"yqiJ",492.326,373.5
"yqiK",232.353,114.192
"sibD",11541.8,6955.31
"hldE",1103.73,660.326
"glnE",534.202,501.79
"ygiF",1476.36,1635.67
"ygiM",852.943,754.201
"cca",1180.87,763.716
"bacA",2070.1,2762.76
"plsY",912.124,757.488
"ttdR",296.26,129.876
"ttdA",411.12,166.261
"ttdB",297.27,168.66
"ttdT",355.002,148.862
"tsaD",1788.26,1409.37
"rpsU",9312.75,11097.8
"dnaG",5581.51,4418.65
"rpoD",8290.5,7587.96
"mug",829.604,973.492
"nfeF",702.065,340.668
"nfeR",1532.85,1078.75
"aer",514.29,392.078
"ygjH",299.549,155.466
"ebgR",506.813,424.927
"ebgA",130.266,77.2667
"ebgC",290.333,107.736
"ygjI",442.331,181.039
"ygjJ",247.569,129.663
"ygjK",305.966,158.94
"fadH",270.776,132.517
"higA",831.259,759.22
"higB",801.096,901.15
"rlmG",1331.04,1308.15
"ygjP",1064.5,904.324
"ygjQ",347.962,215.08
"ygjR",309.428,227.129
"sstT",960.896,735.565
"ygjV",505.466,243.195
"uxaC",445.206,161.808
"exuT",360.819,251.17
"exuR",2277.48,1886.78
"yqjA",1675.57,1845.95
"mzrA",928.559,1178.06
"yqjC",1163.92,1584.94
"yqjD",1303.22,1746.5
"yqjE",374.244,464.254
"yqjK",618.635,554.659
"yqjG",202.364,169.471
"yhaH",468.468,490.718
"yhaI",326.531,209.007
"yhaJ",772.95,678.998
"yhaK",429.501,212.945
"yhaL",955.234,742.564
"cyuP",403.474,218.336
"tdcF",264.319,194.911
"tdcE",288.489,222.115
"tdcD",233.687,193.367
"tdcC",291.894,222.619
"tdcB",378.768,201.486
"tdcA",331.517,185.004
"tdcR",203.198,83.1614
"yhaB",317.866,107.661
"yhaC",274.746,107.882
"rnpB",13622.9,10415.2
"garR",190.055,144.825
"garL",270.692,174.305
"garP",217.271,92.627
"garD",416.284,171.575
"prlF",751.112,790.527
"yhaV",717.545,836.305
"kbaZ",250.756,85.9933
"agaV",255.428,120.403
"agaW",269.961,111.172
"agaA",431.182,191.585
"agaS",176.848,79.6817
"kbaY",185.026,116.902
"agaB",242.402,107.956
"agaI",287.841,142.649
"yraH",411.48,357.25
"yraI",278.77,107.333
"yraJ",455.345,271.175
"yraK",333.996,203.438
"rsmI",778.993,921.125
"lpoA",930.458,1179.35
"yraN",1386.27,1466.53
"diaA",1614.65,1924.01
"dolP",1429.65,1755.87
"yraQ",1359.63,1350.62
"yraR",803.273,560.37
"yhbO",368.883,115.373
"yhbP",416.991,292.968
"yhbQ",815.749,766.905
"yhbS",888.835,749.29
"ubiT",1625.71,1523.34
"ubiU",215.686,111.686
"ubiV",361.18,141.964
"yhbW",351.082,194.739
"mtr",628.964,373.191
"deaD",11248.7,10743.6
"nlpI",13754,12660.4
"pnp",10954.1,9096.69
"sraG",321.426,134.966
"rpsO",9673.73,9664.31
"truB",6274.45,5414.26
"rbfA",6379.48,5490.76
"infB",8835.57,8722.25
"nusA",10530.1,10713.8
"rimP",12275.1,10538.1
"argG",778.872,566.052
"yhbX",384.309,174.009
"secG",9366.72,9790.32
"glmM",1264.21,1779.05
"folP",1283.9,1237.47
"ftsH",5801.03,5505.48
"rlmE",3510.22,3307.62
"yhbY",4151.41,4672.5
"greA",4809.89,5418.12
"dacB",924.806,948.796
"obgE",5558.9,7743.06
"yhbE",7087.72,7708.51
"rpmA",9027.93,11423.1
"rplU",14061.3,12272.8
"ispB",3215.77,4098.63
"sfsB",622.224,434.633
"murA",2297.1,2644.93
"ibaG",3349.69,4199.01
"mlaB",3236.81,4217.74
"mlaC",3725.67,4755.56
"mlaD",3511.78,5228.13
"mlaE",1804.13,2594.89
"mlaF",2166.89,2827.42
"yrbG",1640.51,1530.98
"kdsD",2776.86,2668.74
"kdsC",3478.1,3879.87
"lptC",3341.72,3856.47
"lptA",3030.31,4072.19
"lptB",2547.92,3318.74
"rpoN",3724.53,4729.81
"hpf",4718.24,5654.37
"ptsN",2368.84,2684.55
"rapZ",1280.5,1645.79
"npr",813.356,618.194
"yrbL",2712.35,3028.37
"mtgA",496.426,468.209
"elbB",1098.84,1219.52
"arcZ",266.487,201.911
"arcB",529.338,547.924
"gltB",630.295,673.36
"gltD",183.166,209.883
"gltF",642.363,711.993
"yhcA",470.188,311.548
"yhcD",319.196,150.145
"yhcF",762.366,849.848
"yhcG",690.145,347.934
"nanK",291.338,198.586
"nanE",227.458,154.021
"nanT",255.436,128.858
"nanR",791.175,837.803
"dcuD",234.774,65.2988
"sspB",3484.3,4493.55
"sspA",5283.25,7325.65
"rpsI",13347.5,13132.9
"rplM",14463.1,13953.8
"zapE",215.211,258.287
"zapG",4151.3,4898.14
"degQ",825.444,847.14
"degS",627.436,758.904
"mdh",3169.64,4555.46
"argR",1833.97,1853.94
"yhcN",1803.28,2572.15
"yhcO",328.121,146.639
"aaeB",663.349,680.322
"aaeA",761.562,942.762
"aaeX",1082.35,1471.28
"aaeR",1361.58,1105.24
"tldD",889.684,825.24
"rng",1661.54,1080.08
"yhdE",2083.74,2174.24
"mreD",1965.65,2362.85
"mreC",2873.26,3473.85
"mreB",3461.28,3775.37
"csrD",1863.46,1238.62
"yhdH",634.706,562.146
"accB",4589.59,5424
"accC",3012.48,3943.65
"yhdT",1329.4,1430.78
"panF",1676.94,1817.21
"prmA",1376.33,1895.99
"dusB",14763.2,13617.4
"fis",11988.6,14438.1
"yhdJ",1026.91,581.123
"yhdU",493.657,346.327
"envR",310.506,103.426
"acrE",528.268,252.612
"yhdV",152.05,67.2506
"yhdW",297.323,138.405
"yhdX",302.199,128.163
"yhdY",236.177,103.202
"yhdZ",299.927,232.494
"yrdA",796.766,824.338
"yrdB",930.27,1031.11
"aroE",1022.48,1485.2
"tsaC",1572.39,2113.32
"smg",3686.72,3364.78
"def",3651.25,4019.19
"rsmB",1615.39,1811.28
"trkA",1218.68,1492.91
"mscL",1523.99,2253.95
"zntR",2300.7,1265.31
"yhdN",3320.39,2335.62
"rplQ",11430.8,12935
"rpoA",15233.2,13200.6
"rpsD",15430.9,13839.8
"rpsK",17802.1,15738.9
"rpsM",15842.7,13266.4
"rpmJ",15373.7,13592.5
"secY",15516.7,13974.6
"rplO",15018.8,13343.7
"rpmD",16458.4,14051.3
"rpsE",14459.4,12211.7
"rplR",16059.2,15791.3
"rplF",18216.9,16425.3
"rpsH",19094.5,16862.7
"rpsN",16642.2,14068.4
"rplE",18457.8,15930.1
"rplX",18485.5,18148.6
"rplN",16396.3,15543.2
"rpsQ",13510.7,12924.4
"rpmC",11443.5,10811.7
"rplP",16281.1,15401.7
"rpsC",18680.8,16865.2
"rplV",14739.8,14243.1
"rpsS",17595.6,16647.7
"rplB",14575.6,13477.5
"rplW",17253.1,16348.8
"rplD",13891.8,13461.4
"rplC",18150.8,14688.5
"rpsJ",15524.1,15219.9
"gspB",883.71,672.862
"gspA",375.451,216.411
"gspC",442.953,272.4
"gspD",370.146,252.532
"gspE",401.333,182.348
"gspF",308.569,129.614
"gspG",335.017,115.821
"gspH",367.519,161.384
"gspI",299.398,117.081
"gspJ",361.181,150.095
"gspK",267.733,142.084
"gspL",334.862,144.35
"gspM",369.522,191.263
"gspO",289.671,123.076
"bfr",723.464,566.818
"bfd",777.59,626.493
"chiA",511.993,525.721
"tufA",14356.7,12908.4
"fusA",15255.2,14933.9
"rpsG",13594.6,13783.5
"rpsL",12342.8,12515.3
"tusB",1626.61,1499.36
"tusC",880.652,1046.61
"tusD",977.53,1075.19
"yheO",1569.21,1722.91
"fkpA",2039.78,3696.1
"slyX",3039.58,2545.91
"slyD",3904.47,5413.89
"kefB",401.219,253.757
"kefG",419.602,333.765
"yheS",1964.63,2441.9
"yheT",1363.8,1770.82
"yheU",1039.36,1139.92
"prkB",572.332,532.274
"yhfA",1352.2,1078.46
"crp",1476.03,3684.28
"yhfK",366.551,255.625
"argD",799.884,755.876
"pabA",998.917,754.071
"fic",460.714,208.817
"yhfG",269.361,196.508
"ppiA",1618.81,2564.26
"nirD",228.242,256.244
"nirC",304.692,224.902
"cysG",993.383,984.184
"yhfL",582.965,618.472
"frlA",448.126,217.974
"frlB",402.074,255.887
"frlR",971.592,971.185
"yhfS",427.019,264.064
"yhfT",285.068,133.426
"yhfU",326.882,198.779
"php",178.789,58.6001
"yhfW",526.959,239.125
"yhfX",329.634,126.493
"yhfY",343.166,129.063
"yhfZ",466.159,194.604
"trpS",1467.9,2248
"gph",1352.09,2073.47
"rpe",1609.86,2072.19
"dam",1353.92,1770.9
"damX",3547.43,3889.29
"aroB",4849.11,6224.69
"aroK",4628.56,6037.5
"hofQ",334.478,183.705
"hofP",502.478,268.456
"hofO",374.878,162.617
"hofN",549.567,265.276
"hofM",259.463,213.372
"mrcA",2264.44,2461.01
"nudE",1272.03,1733.94
"igaA",733.85,437.782
"yrfG",1399.71,1573.97
"hslR",1512.27,1428.87
"hslO",740.556,654.587
"yhgE",773.799,504.222
"pck",2646.49,4071.19
"envZ",862.858,742.724
"ompR",970.754,1063.16
"greB",760.991,819.765
"yhgF",1081.82,1584.03
"feoA",1428.98,2311.32
"feoB",1073.04,1917.45
"feoC",755.108,962.981
"bioH",831.029,743.66
"yhgH",846.306,1195.81
"nfuA",4279.78,6029
"gntT",537.024,278.055
"malQ",525.65,312.259
"malT",475.994,330.675
"rtcB",359.797,246.988
"rtcR",399.865,235.067
"glpR",1619.03,2005.66
"glpG",1815.07,2163.67
"glpE",2094.62,3355.97
"glpD",1872.99,5799.3
"yzgL",315.786,245.579
"glgP",581.539,645.226
"glgA",820.674,938.306
"glgC",824.937,966.109
"glgX",723.394,586.071
"glgB",897.213,830.911
"asd",1957.68,2095.29
"yhgN",1232.57,1343.09
"gntK",308.444,290.459
"gntR",873.764,1013.47
"yhhX",573.774,678.523
"ryhB",683.772,367.205
"yhhY",298.986,194.099
"yhhZ",426.982,164.662
"yrhA",357.24,193.997
"yrhB",523.766,556.595
"ggt",429.306,207.581
"yhhA",367.476,277.596
"ugpQ",620.283,641.32
"ugpC",445.974,232.409
"ugpE",304.677,154.072
"ugpA",385.054,162.939
"livF",363.051,208.137
"livG",239.227,157.248
"livM",549.209,236.815
"livH",331.134,261.476
"livK",636.719,537.26
"panZ",970.019,1211.58
"rpoH",3773.35,4058.84
"ftsX",1742.95,1986.56
"ftsE",2542.58,2904.31
"ftsY",2303.44,2187.5
"rsmD",1484.27,1688.81
"yhhL",1093.72,1014.15
"yhhM",546.889,421.929
"yhhN",857.978,913.156
"zntA",588.761,483.215
"tusA",3203.98,2726.72
"yhhQ",1821.95,1247.47
"dcrB",3487.96,3160.33
"yhhS",1131.19,861.601
"acpT",2386.49,2759.98
"nikA",280.788,163.415
"nikB",462.671,227.147
"nikC",171.591,87.3636
"nikD",131.353,123.224
"nikE",324.568,269.815
"nikR",781.955,710.993
"rhsB",479.263,399.479
"yhhH",346.292,309.404
"yhhJ",523.65,662.207
"rbbA",536.159,455.883
"yhiI",1268.27,1376.66
"yhiJ",363.356,170.798
"yhiM",264.84,161.224
"yhiN",2591.86,2710.19
"pitA",5224.25,7150.54
"uspB",430.366,565.906
"uspA",2353.21,2574.01
"dtpB",874.672,976.502
"rsmJ",714.075,682.541
"prlC",395.81,518.236
"rlmJ",1636.42,2218.87
"gor",1508.53,2280.99
"arsR",537.838,462.697
"arsB",673.857,447.14
"yhiS",355.027,152.423
"slp",383.451,306.487
"dctR",418.05,154.729
"yhiD",408.58,155.972
"hdeB",265.414,268.369
"hdeA",492.777,830.043
"hdeD",315.506,250.542
"gadE",325.263,198.444
"mdtE",374.155,155.059
"mdtF",447.187,193.923
"gadW",1171.9,773.433
"gadY",590.211,462.338
"gadX",406.007,475.575
"gadA",265.937,113.265
"ccp",360.675,252.781
"treF",295.068,233.426
"yhjB",298.034,180.921
"rcdB",575.495,337.602
"yhjD",457.091,246.626
"yhjE",482.314,266.241
"yhjG",578.157,550.595
"pdeH",399.455,702.504
"kdgK",985.735,1249.07
"yhjJ",840.879,822.365
"dctA",421.018,553.27
"pdeK",459.253,547.873
"bcsC",578.927,427.948
"bcsZ",445.351,295.698
"bcsB",968.367,383.599
"bcsA",602.079,298.475
"yhjR",836.095,1209.86
"bcsE",557.897,855.239
"bcsF",486.468,860.492
"bcsG",307.305,351.453
"ldrD",814.76,324.441
"rdlD",379.114,217.366
"yhjV",1059.84,1757.41
"dppF",318.631,202.018
"dppD",250.145,204.304
"dppC",370.409,199.352
"dppB",365.281,252.051
"dppA",872.836,858.242
"eptB",390.172,371.545
"yhjX",499.951,493.282
"yhjY",608.676,393.935
"tag",617.415,575.528
"yiaC",767.9,647.792
"bisC",654.091,614.195
"yiaD",1637.08,2906.55
"ghrB",703.344,460.985
"yiaF",1285.41,2102.36
"yiaG",424.308,245.133
"cspA",14335.8,13328.6
"hokA",90.8229,41.9
"insJ",769.486,391.4
"insK",546.478,347.033
"glyS",2168.33,3383.39
"glyQ",3451.88,5200.61
"wecH",252.636,211.836
"yiaB",389.131,224.937
"xylB",244.72,214.462
"xylA",474.644,314.804
"xylF",475.068,201.493
"xylG",485.999,248.665
"xylH",533.552,342.893
"xylR",363.216,281.111
"bax",2805.22,2435.17
"malS",143.392,85.2438
"avtA",831.075,1328.97
"ysaA",651.886,356.537
"plaR",658.96,566.237
"yiaK",371.88,122.079
"yiaL",349.523,154.1
"yiaM",209.097,114.095
"yiaN",390.049,219.351
"yiaO",327.212,182.593
"lyxK",221.034,130.299
"sgbH",332.758,212.86
"sgbU",239.077,129.6
"sgbE",338.525,154.665
"yiaT",456.05,340.219
"yiaU",485.181,259.85
"yiaV",350.349,174.525
"yiaW",223.274,175.647
"aldB",469.203,260.7
"yiaY",188.617,120.69
"selB",445.5,670.831
"selA",957.061,1320.1
"yibF",667.471,555.757
"yibA",533.466,505.904
"yibJ",582.165,541.717
"yibG",285.232,212.394
"yibH",216.74,83.4035
"mtlD",1792.56,2083.39
"mtlR",1597.55,1758.13
"yibL",1538.06,2614.12
"lldP",361.112,196.331
"lldR",480.425,231.559
"lldD",351.405,287.869
"trmL",1111.15,847.179
"cysE",1847.09,1723.92
"gpsA",2068.4,2126.08
"secB",3024.88,4103.35
"grxC",3641.22,4736.64
"yibN",4014.85,5708.72
"gpmM",2186.83,1210.19
"envC",585.698,460.779
"yibQ",647.3,523.733
"tdh",2108.69,3574.19
"kbl",1298.21,2432.92
"htrL",826.602,1401.17
"rfaD",2891.94,4739.22
"waaF",1170.34,2111.09
"waaC",619.751,1023.76
"waaL",497.769,672.792
"waaU",1588.5,2478.98
"waaZ",959.155,1743.65
"waaY",1087.19,1666.5
"waaJ",1442.85,1917.18
"waaO",1711.43,2297.59
"waaB",1139.05,1558.85
"waaS",1226.65,1848.72
"waaP",1063.53,1350.55
"waaG",1998.36,2321.94
"waaQ",1555.83,2225.25
"waaA",510.759,850.65
"coaD",474.525,498.797
"mutM",1219.71,980.284
"rpmG",14932.7,16018.8
"rpmB",12149.4,12347.1
"yicR",344.439,209.64
"dfp",2667.28,3301.59
"dut",2823.69,3588.81
"slmA",1987.48,2337.35
"pyrE",411.13,196.442
"rph",2353.29,2439.93
"yicC",1707.84,2365.03
"dinD",1306.27,588.197
"yicG",3731.28,2762.4
"ligB",258.021,117.055
"gmk",3380.28,6601.82
"rpoZ",5350.05,6493.57
"spoT",1468.69,1931.38
"recG",289.073,206.783
"gltS",1205.33,1097.67
"xanP",464.851,533.396
"yicH",643.686,614.565
"yicI",360.696,162.723
"yicJ",560.727,214.202
"setC",510.078,265.913
"yicL",314.864,274.929
"nlpA",451.392,557.235
"nepI",442.879,332.427
"yicN",735.138,550.349
"adeQ",268.97,111.076
"adeD",499.521,768.199
"uhpT",426.053,371.876
"uhpC",766.555,551.676
"uhpB",504.955,457.248
"uhpA",1112.6,1205.06
"ilvN",552.794,395.639
"ivbL",1565.4,2154.23
"emrD",2420.03,2442.84
"yidF",565.585,279.636
"yidG",570.063,398.501
"yidH",516.413,419.667
"yidI",768.124,503.185
"yidJ",254.477,135.029
"yidK",283.602,176.154
"yidL",294.028,164.788
"glvB",369.115,149.341
"glvC",265.681,98.1868
"yidP",490.087,166.025
"yidE",734.623,497.131
"ibpB",645.592,312.704
"ibpA",1358.64,701.214
"yidR",460.15,485.627
"cbrA",477.525,309.068
"dgoT",434.723,170.758
"dgoK",313.186,182.345
"yidX",645.622,375.197
"yidA",885.064,995.592
"yidB",819.719,719.044
"gyrB",2617.95,2969.41
"recF",2105.3,2542.99
"dnaN",4967.41,5833.95
"dnaA",5312.22,5951.85
"rpmH",11439.8,12044.9
"rnpA",7015.7,6697.94
"yidC",6693.56,7472.19
"mnmE",1872.35,1613.07
"tnaC",177.904,187.691
"tnaA",639.894,832.922
"tnaB",332.88,162.516
"mdtL",425.896,267.502
"yidZ",550.277,389.971
"yieE",755.135,674.569
"yieF",361.872,472.16
"adeP",526.605,1042.09
"yieH",666.62,706.632
"cbrB",1214.65,1429.8
"cbrC",1321.13,1069.08
"yieK",401.104,320.06
"yieL",327.587,285.886
"bglH",214.862,137.373
"bglB",307.92,141.968
"bglF",392.72,536.84
"bglG",231.852,117.955
"phoU",2081.94,2703.95
"pstB",5176.06,5796.67
"pstA",3938.27,4317.08
"pstS",8403.71,8065.86
"glmS",3190.42,4825.62
"glmU",5871.49,6304.05
"atpC",1403.11,3105.25
"atpD",4001.39,7249.91
"atpG",4388.99,8491.71
"atpA",7267.74,12149.9
"atpH",6180.65,9692.95
"atpF",7185.81,11005.8
"atpE",5822.35,7877.43
"atpB",5741.56,8187.27
"atpI",4417.37,5299.83
"rsmG",1751.12,2645.41
"mnmG",3102.48,3432.86
"mioC",4151.33,4879.27
"asnC",630.925,672.341
"asnA",2994.39,3736.09
"viaA",468.465,378.3
"ravA",608.758,583.321
"kup",662.372,1152.95
"rbsD",737.072,937.87
"rbsA",271.222,145.884
"rbsC",235.096,126.303
"rbsB",594.8,935.52
"rbsK",763.391,749.123
"rbsR",442.914,190.574
"hsrA",445.956,290.254
"yieP",1103.35,1393.39
"maoP",4599.41,6965.01
"ilvL",2122.77,1776.16
"ilvM",1038.85,940.5
"ilvE",1666.09,1585.53
"ilvD",1270.85,1028.39
"ilvA",652.771,474.643
"ilvY",701.382,648.086
"ilvC",547.606,478.793
"ppiC",2777.69,2929.87
"yifN",655.314,392.189
"rep",1164.6,1405.36
"gpp",1424.04,1395.84
"rhlB",3085.81,3762.56
"trxA",3522.83,4254.58
"rhoL",9417.13,9746.33
"rho",8065.17,8770.06
"rfe",2572.24,3531.19
"wzzE",1573.72,2400.72
"wecB",720.649,1659.53
"wecC",1535.09,3023.28
"rffG",1190.08,2088.61
"rffH",956.469,1643.45
"rffC",961.165,1491.61
"wecE",805.851,862.1
"wzxE",590.152,730.748
"wzyE",596.319,679.184
"rffM",399.893,389.833
"yifK",818.515,896.346
"aslB",1387.93,504.254
"aslA",261.913,126.936
"glmZ",4005.66,5010.87
"hemY",1814.42,2873.09
"hemX",1235.9,1358.06
"hemD",886.515,1220.69
"hemC",1329.06,1891.94
"cyaA",1741.87,2206.07
"cyaY",1002.85,1028.04
"yzcX",432.607,316.264
"yigA",998.935,1323.9
"xerC",973.619,1023.6
"yigB",405.119,371.704
"uvrD",2668.15,2033.31
"corA",3523.99,4846.18
"yigF",348.292,288.219
"yigG",624.944,344.946
"rarD",563.754,785.641
"yigI",863.551,937.125
"pldA",1628.83,3011.19
"recQ",1333.85,1344.18
"rhtB",429.808,266.679
"pldB",1017.97,2328.88
"yigL",374.898,911
"bioP",351.579,286.025
"metE",610.082,411.856
"udp",560.727,627.878
"rmuC",1237.89,522.677
"ubiE",2928.57,3530.11
"ubiJ",1204.66,1360.18
"ubiB",1102.54,1118.83
"tatA",3866.76,5059.74
"tatB",2978.95,3722.63
"tatC",1568.9,2062.63
"rfaH",1272.6,1627.75
"ubiD",2398.34,3157.19
"fre",1838.02,2005.69
"fadA",232.051,106.947
"fadB",644.014,235.001
"pepQ",1045.4,1042.91
"yigZ",921.279,936.234
"trkH",903.393,851.332
"hemG",1154.39,1141.54
"mobB",490.675,468.483
"mobA",392.745,542.819
"yihD",926.03,1165.29
"srkA",701.686,946.206
"dsbA",1256.01,2246.37
"yihF",437.726,229.089
"yihG",946.668,1429.22
"polA",888.409,1244.57
"spf",9182.98,10038.6
"yihA",1782.86,2682.45
"csrC",2716.89,4581.17
"yihI",2112.55,2791.33
"hemN",1209.03,1403.99
"glnG",308.899,142.018
"glnL",717.918,397.892
"bipA",5581.68,6961.14
"yihL",370.445,193.525
"yihM",452.721,225.509
"yihN",396.177,155.976
"ompL",359.872,246.174
"yihO",342.831,176.832
"yihP",333.442,153.862
"yihQ",392.257,201.343
"yihR",279.44,190.517
"yihS",242.638,129.698
"yihT",302.847,166.008
"yihU",271.719,131.18
"yihV",271.285,149.992
"csqR",995.516,1204.96
"yihX",446.487,450.802
"dtd",524.761,578.36
"fabY",600.416,641.25
"yiiE",351.259,207.445
"yiiF",461.027,368.392
"fdhE",1232.61,1622.85
"fdoI",2037.66,3105.73
"fdoH",2000.5,3750.49
"fdoG",1608.96,4265.57
"fdhD",603.789,488.728
"frvR",303.595,135.908
"frvX",312.931,176.573
"frvB",279.634,169.87
"frvA",263.587,147.395
"rhaD",327.181,172.606
"rhaA",295.416,129.451
"rhaB",389.708,218.877
"rhaS",326.124,138.709
"rhaR",304.077,133.193
"sodA",3465.48,4593.91
"kdgT",481.811,255.332
"yiiM",618.182,407.676
"cpxA",1161.86,1064.64
"cpxR",1933.01,1747.99
"fieF",1490.03,1570.47
"pfkA",2449.88,2069.9
"sbp",519.986,203.915
"cdh",1185.23,1485.04
"tpiA",1455.46,1959.94
"yiiQ",412.696,369.665
"yiiR",584.515,802.59
"yiiS",417.08,789.463
"uspD",713.473,1333.71
"fpr",522.104,812.265
"glpX",845.017,1033.78
"glpK",259.885,384.702
"glpF",453.898,727.984
"zapB",5058.49,5445.42
"rraA",2745.7,3053.07
"menA",974.238,1012.82
"hslU",1377.24,1495.62
"hslV",992.077,1086.38
"ftsN",2754.49,2670.94
"cytR",680.148,499.236
"priA",957.221,796.357
"rpmE",12609.9,12243.3
"yiiX",1605.74,1643.9
"metJ",2022.14,3369.39
"metB",1013.99,911.758
"metL",1076.43,792.293
"metF",615.37,519.981
"katG",1146.54,1251.94
"yijE",409.362,344.725
"yijF",425.191,284.525
"gldA",271.297,185.309
"fsaB",280.619,167.487
"ptsA",330.738,177.636
"frwC",318.973,106.984
"frwB",218.769,108.284
"pflD",443.87,205.101
"pflC",352.608,159.744
"frwD",255.916,124.747
"yijO",589.783,433.761
"eptC",1333.27,2220.32
"ppc",851.592,1050.1
"argE",589.527,394.189
"argC",446.491,316.946
"argB",638.567,487.475
"argH",397.247,229.187
"oxyS",6169.65,4004.52
"oxyR",1187.55,942.725
"sthA",616.684,764.64
"fabR",2393.35,2284.07
"yijD",1305.9,1358.39
"trmA",4498.92,4229.1
"btuB",911.496,1836.16
"murI",1009.59,1361.98
"murB",1330.98,1759.81
"birA",929.239,1122.8
"coaA",820.81,880.024
"secE",9854.39,9795.4
"nusG",8605.36,8185.53
"rplK",12910.9,12185.3
"rplA",16547.1,13501.7
"rplJ",13842.1,14232.8
"rplL",12079.9,10544
"rpoB",14234.1,12774
"rpoC",8171.47,8246.54
"yjaZ",706.154,575.848
"thiH",283.097,162.57
"thiG",472.225,294.201
"thiS",324.731,278.34
"thiF",358.519,225.831
"thiE",354.087,202.162
"thiC",446.996,303.512
"rsd",394.67,339.3
"nudC",1162,1150.27
"hemE",1038.14,1100.93
"nfi",891.493,896.83
"yjaG",1236.69,1595.71
"hupA",4476.12,6971.04
"yjaH",901.625,479.488
"zraP",296.319,148.043
"zraS",511.531,301.734
"zraR",618.938,422.343
"purD",346.492,389.881
"purH",488.299,640.688
"yjaA",2789.17,1587.46
"yjaB",467.649,241.916
"metA",327.627,250.777
"aceB",684.693,1007.62
"aceA",626.613,678.852
"aceK",240.056,127.899
"arpA",289.389,131.892
"iclR",2601.12,2913.31
"metH",339.852,201.088
"yjbB",459.579,331.366
"pepE",363.559,227.474
"rluF",1095.42,1132.53
"yjbD",404.785,444.362
"lysC",470.889,274.823
"pgi",1307.11,2423.65
"yjbE",219.32,145.494
"yjbG",112.343,66.4832
"yjbH",241.074,118.544
"psiE",387.601,221.622
"xylE",557.525,375.979
"malG",194.67,245.966
"malF",428.886,227.931
"malE",491.962,408.844
"malK",199.926,145.956
"lamB",403.373,264.381
"malM",274.826,216.097
"yjbI",301.646,124.744
"ubiA",1059.84,1790.47
"plsB",1242.58,1392.06
"dgkA",1516.59,2368.19
"lexA",3122.42,1960.79
"dinF",846.741,615.917
"yjbJ",1925.8,1468.92
"yjbL",119.363,46.0301
"yjbM",245.182,99.0472
"pspG",395.494,378.78
"qorA",314.792,180.31
"dnaB",3170.91,3324.84
"alr",758.282,793.294
"tyrB",567.225,415.358
"aphA",549.772,489.786
"yjbQ",885.599,818.92
"yjbR",647.423,566.184
"uvrA",615.888,542.583
"ssb",3299.34,4385.14
"yjcB",3686.26,5041.98
"soxS",4089.41,3385.32
"soxR",497.55,388.423
"ryjA",938.113,694.766
"yjcE",758.382,838.797
"yjcF",314.78,165.246
"actP",264.79,161.452
"yjcH",228.91,77.0823
"acs",391.82,177.294
"nrfA",471.646,187.574
"nrfB",492.826,294.901
"nrfC",266.885,139.163
"nrfD",442.457,205.383
"nrfE",158.535,52.8579
"nrfF",336.287,174.479
"nrfG",313.628,165.857
"gltP",658.666,643.081
"yjcO",1070.54,1192.33
"fdhF",645.052,443.011
"mdtP",297.547,123.629
"mdtO",429.313,171.91
"mdtN",448.328,225.797
"yjcS",507.798,296.885
"alsK",491.109,280.092
"alsE",447.587,210.717
"alsC",258.059,96.5808
"alsA",357.161,210.636
"alsB",533.203,418.898
"alsR",454.633,425.595
"rpiB",471.799,365.307
"phnN",260.383,185.372
"phnM",232.993,187.329
"phnL",269.634,137.54
"phnK",224.2,160.211
"phnJ",240.592,156.689
"phnI",361.896,304.244
"phnH",292.223,146.673
"phnG",356.569,156.43
"phnF",255.175,157.939
"phnD",313.458,147.25
"phnC",198.899,122.907
"yjdN",372.401,166.835
"yjdM",4459.15,7116.42
"rdcA",459.227,539.343
"rdcB",326.214,359.863
"proP",4528.68,3530.38
"basS",611.565,401.583
"basR",531.515,339.036
"eptA",413.553,253.675
"adiY",445.23,356.076
"adiA",318.516,124.086
"melR",356.464,155.327
"melA",396.298,233.03
"melB",499.34,272.796
"yjdF",473.398,327.987
"dcuB",495.058,274.434
"dcuR",468.358,306.188
"dcuS",479.772,432.039
"yjdI",231.85,212.399
"yjdJ",387.756,306.316
"ghoS",210.501,95.4839
"lysU",2192.75,2363.15
"dtpC",342.881,156.904
"cadA",350.207,132.986
"cadB",302.69,131.597
"cadC",411.3,253.039
"yjdC",779.041,664.491
"dsbD",650.971,605.294
"cutA",933.696,896.584
"dcuA",2280.45,2731.34
"aspA",699.12,644.386
"fxsA",449.657,328.48
"yjeH",414.55,274.848
"groS",2675.3,1631.07
"groL",3057.42,2277.06
"yjeI",2083.26,2605.01
"yjeJ",654.998,646.551
"epmB",1056.55,1187.55
"efp",3087.44,7386.35
"ecnA",831.696,1647.2
"ecnB",895.292,1324.23
"gdx",1198.23,758.31
"blc",266.538,177.13
"ampC",494.692,433.376
"frdD",507.757,533.128
"frdC",245.839,285.3
"frdB",449.145,493.008
"frdA",540.504,700.219
"epmA",1882.95,1631.01
"yjeM",803.562,813.088
"yjeN",597.667,546.729
"yjeO",830.611,606.067
"mscM",586.921,510.33
"psd",2254.03,2338.91
"rsgA",1551.26,1938.69
"queG",600.482,410.353
"nnr",1543.08,1015.58
"tsaE",1020.77,1014.36
"amiB",1025.15,883.992
"mutL",1008.48,1030.73
"miaA",3597.37,4672.76
"hfq",4119.45,6487.21
"hflX",2301.84,3094.88
"hflK",3135.49,3746.43
"hflC",3191.74,4119.21
"yjeT",695.392,473.394
"purA",3518.62,3766.19
"nsrR",3208.91,3403.53
"rnr",3098.85,3215.25
"rlmB",1106.21,1512.77
"yjfI",444.893,339.569
"yjfJ",195.342,143.369
"yjfK",239.87,141.071
"aidB",290.749,160.006
"yjfN",506.078,384.742
"yjfP",552.106,296.852
"ulaR",936.554,1042.37
"ulaG",420.563,249.063
"ulaB",375.744,215.798
"ulaC",248.98,104.798
"ulaD",536.7,299.365
"ulaE",420.805,304.421
"ulaF",368.738,223.542
"yjfY",341.681,204.52
"rpsF",15420.8,14254
"priB",15556.3,15234.6
"rpsR",12494.1,11836.1
"rplI",9221.92,12965.1
"yjfZ",544.582,482.588
"ytfA",316.613,196.266
"ytfB",1170.79,1016.78
"cycA",1567.31,1729.26
"ytfE",511.881,298.361
"ytfF",372.593,227.324
"qorB",409.257,210.421
"ytfH",535.128,464.821
"cpdB",562.796,580.954
"cysQ",424.999,547.974
"ytfI",301.998,142.314
"ytfJ",829.322,1111.88
"ytfK",581.572,498.102
"paeA",2296.06,2251.32
"msrA",564.906,471.212
"tamA",871.113,769.696
"tamB",487.065,344.209
"ytfP",2429.39,2459.92
"chpS",2.23636,1.46414
"chpB",69.5372,68.58
"ppa",4004.14,4710
"ytfQ",310.887,172.658
"ytfT",169.361,120.256
"yjfF",164.09,58.2374
"fbp",1253.78,2855.39
"mpl",1523.25,1506.44
"yjgA",2406.02,2550.64
"tldE",653.148,728.478
"cybC",463.368,487.609
"nrdG",392.073,249.035
"nrdD",652.131,579.542
"treC",328.695,262.716
"treB",280.543,299.403
"treR",756.641,537.76
"mgtA",682.86,925.641
"ridA",4333.01,4465.61
"pyrI",416.614,295.314
"pyrB",499.71,381.21
"pyrL",1378.81,1788.55
"yjgH",305.681,149.853
"bdcA",405.705,238.123
"bdcR",279.948,271.193
"tabA",1233.08,1656.59
"yjgL",194.123,185.118
"argI",222.846,90.4833
"rraB",1215.05,1983.57
"yjgM",230.099,167.506
"yjgN",293.294,147.834
"valS",2518.58,2437.06
"holC",2664.13,2280.05
"pepA",3144.04,2845.04
"lptF",2807.8,2912.22
"lptG",1104.44,1319.3
"yjgR",534.366,276.608
"idnR",355.559,308.648
"idnT",211.087,109.843
"idnO",460.291,328.925
"idnD",293.516,250.574
"idnK",434.891,263.676
"ahr",234.068,92.3812
"intB",920.052,854.978
"yjgZ",181.663,73.2942
"nanX",240.078,124.522
"nanY",310.859,205.222
"yjhD",638.935,475.134
"yjhE",523.742,411.408
"yjhV",275.99,123.467
"fecE",350.393,250.496
"fecD",321.095,283.157
"fecC",545.527,443.32
"fecB",599.956,520.803
"fecA",981.84,766.146
"fecR",223.063,210.837
"fecI",496.857,390.147
"insA7",1011.26,629.65
"yjhU",1148.38,937.877
"yjhF",165.053,144.942
"yjhG",276.018,158.412
"yjhH",309.769,168.296
"yjhI",317.848,109.039
"sgcR",308.33,115.901
"sgcE",350.403,155.829
"sgcA",430.02,225.617
"sgcQ",402.567,223.739
"sgcC",337.37,143.918
"sgcX",318.105,165.128
"yjhP",317.799,201.82
"yjhQ",439.284,340.234
"yjhR",441.274,273.324
"nanS",325.269,179.688
"nanM",306.866,379.997
"nanC",316.637,143.198
"fimB",730.966,1005.86
"fimE",547.846,336.318
"fimA",1424.25,2178.99
"fimC",874.79,834.768
"fimD",626.705,415.176
"fimF",305.219,175.832
"fimG",462.342,264.291
"fimH",256.068,247.316
"gntP",545.141,201.983
"uxuA",307.909,138.485
"uxuB",290.911,149.022
"uxuR",657.167,572.853
"yjiC",210.931,65.2648
"iraD",235.788,100.686
"iadA",722.017,804.553
"yjiG",498.618,339.176
"yjiH",248.733,75.1725
"kptA",461.015,435.971
"yjiJ",481.529,199.436
"yjiK",373.855,197.895
"yjiL",372.298,151.68
"yjiM",301.118,86.2599
"yjiN",325.421,186.745
"mdtM",236.199,149.259
"yjiR",278.906,130.683
"yjiS",250.549,122.608
"yjiT",464.559,377.914
"mcrC",425.997,411.076
"mcrB",448.454,759.217
"symE",708.983,487.357
"hsdS",679.873,1061.19
"hsdM",1429.45,1601.7
"hsdR",465.072,410.052
"mrr",603.102,650.403
"yjiA",858.689,1727
"yjiX",2359.83,5018.75
"btsT",2742.04,5437.52
"tsr",606.52,1611.26
"lgoT",324.216,190.124
"lgoR",284.719,112.455
"lgoD",214.183,89.5458
"opgB",957.897,893.126
"yjjA",735.17,933.804
"dnaC",1269.51,1464.47
"dnaT",1379.87,1784.54
"yjjB",236.459,123.414
"yjjP",429.443,223.974
"yjjQ",197.916,84.9064
"bglJ",353.726,150.509
"fhuF",991.579,468.454
"rsmC",2530.23,2355.68
"holD",1863.17,2223.78
"rimI",2280.7,2763.79
"yjjG",1034.48,1295.68
"prfC",4963.5,5807.11
"osmY",957.913,876.19
"yjjU",495.231,405.924
"yjjV",855.781,614.274
"yjjW",533.75,243.354
"yjjI",254.693,122.478
"deoC",817.187,796.534
"deoA",579.786,496.146
"deoB",2571.27,2489.85
"deoD",3539.52,5278.74
"yjjJ",548.183,378.596
"lplA",503.742,512.668
"ytjB",633.993,791.439
"serB",1166.42,1431.62
"radA",643.212,712.89
"nadR",438.162,445.693
"ettA",2925.49,3555.87
"slt",482.183,393.648
"trpR",623.592,454.723
"yjjX",1016.06,863.361
"ytjC",754.502,603.523
"rob",3076.07,2645.57
"creA",1178.09,1799.78
"creB",777.001,871.054
"creC",425.133,216.934
"creD",482.896,313.217
"arcA",1649.06,2505.08
"yjjY",428.845,515.755
"yjtD",511.677,670.676
